frequency,raw,error,smoothed,error_smoothed,equalization,parametric_eq,fixed_band_eq,equalized_raw,equalized_smoothed,target
20.00,-3.29,-3.47,-3.29,-3.49,3.41,-0.00,-0.29,0.13,0.12,0.19
20.20,-3.26,-3.30,-3.25,-3.28,3.27,-0.01,-0.30,0.01,0.02,0.05
20.40,-3.20,-3.10,-3.20,-3.08,3.11,-0.01,-0.31,-0.10,-0.09,-0.10
20.61,-3.16,-2.88,-3.15,-2.89,2.95,-0.02,-0.32,-0.21,-0.20,-0.28
20.81,-3.07,-2.70,-3.09,-2.71,2.78,-0.02,-0.33,-0.30,-0.31,-0.37
21.02,-3.03,-2.55,-3.03,-2.55,2.60,-0.02,-0.35,-0.43,-0.43,-0.47
21.23,-2.98,-2.41,-2.97,-2.39,2.41,-0.03,-0.36,-0.56,-0.56,-0.56
21.44,-2.92,-2.22,-2.93,-2.23,2.22,-0.04,-0.37,-0.71,-0.71,-0.71
21.66,-2.88,-2.03,-2.88,-2.04,2.03,-0.04,-0.38,-0.84,-0.85,-0.84
21.87,-2.84,-1.86,-2.84,-1.85,1.84,-0.05,-0.40,-1.01,-1.00,-0.99
22.09,-2.79,-1.65,-2.80,-1.65,1.62,-0.05,-0.41,-1.18,-1.18,-1.15
22.31,-2.74,-1.43,-2.75,-1.41,1.38,-0.06,-0.43,-1.36,-1.37,-1.32
22.54,-2.72,-1.15,-2.71,-1.15,1.13,-0.07,-0.44,-1.59,-1.58,-1.56
22.76,-2.66,-0.86,-2.66,-0.88,0.86,-0.08,-0.46,-1.80,-1.81,-1.80
22.99,-2.63,-0.60,-2.62,-0.58,0.58,-0.09,-0.47,-2.05,-2.04,-2.03
23.22,-2.58,-0.30,-2.57,-0.30,0.30,-0.10,-0.49,-2.27,-2.27,-2.28
23.45,-2.53,-0.01,-2.53,-0.02,0.04,-0.11,-0.50,-2.49,-2.49,-2.52
23.69,-2.48,0.25,-2.48,0.25,-0.21,-0.12,-0.52,-2.69,-2.70,-2.72
23.92,-2.44,0.47,-2.44,0.47,-0.44,-0.13,-0.54,-2.89,-2.89,-2.92
24.16,-2.41,0.66,-2.41,0.66,-0.65,-0.14,-0.55,-3.06,-3.06,-3.08
24.40,-2.37,0.82,-2.37,0.82,-0.83,-0.16,-0.57,-3.19,-3.20,-3.19
24.65,-2.35,0.95,-2.34,0.96,-0.97,-0.17,-0.59,-3.32,-3.31,-3.30
24.89,-2.31,1.10,-2.31,1.09,-1.09,-0.19,-0.60,-3.40,-3.41,-3.40
25.14,-2.29,1.19,-2.29,1.19,-1.19,-0.21,-0.62,-3.48,-3.48,-3.48
25.39,-2.27,1.27,-2.27,1.26,-1.25,-0.23,-0.64,-3.52,-3.52,-3.53
25.65,-2.26,1.30,-2.25,1.30,-1.29,-0.25,-0.65,-3.55,-3.54,-3.55
25.91,-2.22,1.33,-2.22,1.32,-1.31,-0.27,-0.67,-3.52,-3.53,-3.54
26.16,-2.20,1.31,-2.20,1.31,-1.29,-0.30,-0.68,-3.49,-3.49,-3.50
26.43,-2.18,1.27,-2.17,1.28,-1.26,-0.33,-0.70,-3.44,-3.43,-3.44
26.69,-2.14,1.24,-2.14,1.22,-1.21,-0.36,-0.71,-3.34,-3.35,-3.37
26.96,-2.12,1.14,-2.11,1.14,-1.14,-0.39,-0.73,-3.26,-3.26,-3.26
27.23,-2.09,1.04,-2.08,1.06,-1.07,-0.42,-0.74,-3.16,-3.15,-3.13
27.50,-2.05,0.99,-2.05,0.98,-1.00,-0.46,-0.75,-3.04,-3.05,-3.04
27.77,-2.02,0.91,-2.02,0.91,-0.92,-0.50,-0.76,-2.94,-2.94,-2.92
28.05,-2.01,0.84,-1.99,0.85,-0.85,-0.55,-0.77,-2.86,-2.84,-2.85
28.33,-1.96,0.80,-1.97,0.79,-0.79,-0.60,-0.78,-2.74,-2.76,-2.76
28.62,-1.96,0.72,-1.94,0.74,-0.74,-0.65,-0.78,-2.69,-2.68,-2.68
28.90,-1.92,0.70,-1.92,0.70,-0.70,-0.70,-0.78,-2.62,-2.62,-2.62
29.19,-1.92,0.67,-1.92,0.66,-0.68,-0.76,-0.79,-2.59,-2.60,-2.59
29.48,-1.92,0.65,-1.91,0.65,-0.66,-0.83,-0.79,-2.58,-2.57,-2.56
29.78,-1.92,0.64,-1.90,0.65,-0.66,-0.89,-0.78,-2.58,-2.57,-2.55
30.08,-1.88,0.68,-1.89,0.66,-0.68,-0.96,-0.78,-2.55,-2.57,-2.55
30.38,-1.88,0.70,-1.87,0.70,-0.70,-1.03,-0.77,-2.57,-2.57,-2.57
30.68,-1.87,0.72,-1.85,0.74,-0.73,-1.11,-0.76,-2.59,-2.58,-2.59
30.99,-1.83,0.79,-1.84,0.77,-0.77,-1.18,-0.75,-2.59,-2.61,-2.62
31.30,-1.83,0.81,-1.83,0.81,-0.81,-1.26,-0.73,-2.63,-2.63,-2.64
31.61,-1.83,0.84,-1.82,0.85,-0.85,-1.33,-0.72,-2.67,-2.67,-2.67
31.93,-1.83,0.88,-1.83,0.88,-0.88,-1.39,-0.69,-2.71,-2.71,-2.71
32.24,-1.83,0.92,-1.83,0.91,-0.92,-1.45,-0.67,-2.74,-2.75,-2.74
32.57,-1.83,0.95,-1.82,0.95,-0.94,-1.50,-0.65,-2.77,-2.77,-2.77
32.89,-1.83,0.96,-1.81,0.97,-0.96,-1.54,-0.62,-2.79,-2.78,-2.78
33.22,-1.79,1.00,-1.80,0.99,-0.98,-1.57,-0.59,-2.76,-2.78,-2.79
33.55,-1.79,0.99,-1.78,0.99,-0.99,-1.58,-0.55,-2.77,-2.77,-2.78
33.89,-1.77,0.98,-1.76,0.99,-0.99,-1.58,-0.52,-2.75,-2.75,-2.75
34.23,-1.75,0.97,-1.74,0.97,-0.98,-1.56,-0.48,-2.72,-2.72,-2.71
34.57,-1.71,0.98,-1.71,0.97,-0.96,-1.52,-0.44,-2.67,-2.67,-2.68
34.92,-1.70,0.94,-1.69,0.95,-0.94,-1.47,-0.40,-2.63,-2.62,-2.64
35.27,-1.66,0.93,-1.67,0.92,-0.91,-1.41,-0.36,-2.57,-2.58,-2.59
35.62,-1.66,0.88,-1.66,0.88,-0.88,-1.34,-0.31,-2.54,-2.54,-2.54
35.97,-1.66,0.82,-1.64,0.84,-0.85,-1.25,-0.26,-2.51,-2.50,-2.48
36.33,-1.64,0.81,-1.64,0.81,-0.82,-1.17,-0.22,-2.46,-2.46,-2.44
36.70,-1.62,0.79,-1.62,0.78,-0.80,-1.08,-0.17,-2.41,-2.42,-2.41
37.06,-1.62,0.75,-1.62,0.75,-0.76,-0.98,-0.11,-2.38,-2.38,-2.37
37.43,-1.62,0.72,-1.61,0.73,-0.73,-0.89,-0.06,-2.35,-2.34,-2.34
37.81,-1.62,0.70,-1.60,0.70,-0.69,-0.80,-0.01,-2.31,-2.29,-2.31
38.19,-1.57,0.69,-1.58,0.67,-0.65,-0.71,0.05,-2.22,-2.23,-2.26
38.57,-1.57,0.61,-1.57,0.62,-0.60,-0.62,0.10,-2.16,-2.17,-2.18
38.95,-1.57,0.54,-1.56,0.55,-0.54,-0.53,0.16,-2.10,-2.10,-2.11
39.34,-1.57,0.48,-1.56,0.47,-0.47,-0.45,0.22,-2.04,-2.04,-2.04
39.74,-1.57,0.39,-1.56,0.40,-0.40,-0.37,0.28,-1.97,-1.96,-1.96
40.14,-1.55,0.33,-1.55,0.32,-0.33,-0.29,0.34,-1.87,-1.88,-1.87
40.54,-1.55,0.24,-1.55,0.24,-0.25,-0.22,0.40,-1.80,-1.80,-1.78
40.94,-1.57,0.15,-1.55,0.17,-0.17,-0.15,0.46,-1.74,-1.73,-1.72
41.35,-1.57,0.10,-1.56,0.10,-0.10,-0.08,0.52,-1.66,-1.66,-1.67
41.76,-1.57,0.05,-1.58,0.03,-0.02,-0.01,0.58,-1.59,-1.60,-1.61
42.18,-1.59,-0.04,-1.59,-0.04,0.05,0.05,0.65,-1.54,-1.54,-1.55
42.60,-1.62,-0.13,-1.60,-0.12,0.12,0.11,0.71,-1.50,-1.48,-1.48
43.03,-1.62,-0.20,-1.62,-0.20,0.19,0.17,0.78,-1.42,-1.43,-1.42
43.46,-1.62,-0.26,-1.62,-0.26,0.26,0.23,0.84,-1.36,-1.36,-1.35
43.90,-1.62,-0.33,-1.62,-0.33,0.33,0.29,0.91,-1.29,-1.29,-1.29
44.33,-1.62,-0.39,-1.62,-0.40,0.40,0.34,0.98,-1.22,-1.23,-1.23
44.78,-1.64,-0.48,-1.63,-0.47,0.46,0.40,1.05,-1.17,-1.17,-1.16
45.23,-1.64,-0.54,-1.63,-0.54,0.53,0.45,1.11,-1.10,-1.10,-1.09
45.68,-1.63,-0.60,-1.63,-0.60,0.60,0.51,1.18,-1.02,-1.02,-1.03
46.13,-1.62,-0.66,-1.62,-0.67,0.68,0.56,1.25,-0.93,-0.94,-0.96
46.60,-1.62,-0.75,-1.61,-0.75,0.77,0.61,1.32,-0.85,-0.85,-0.87
47.06,-1.62,-0.84,-1.61,-0.84,0.85,0.67,1.40,-0.76,-0.76,-0.77
47.53,-1.62,-0.94,-1.62,-0.94,0.94,0.72,1.47,-0.67,-0.67,-0.68
48.01,-1.62,-1.05,-1.62,-1.05,1.04,0.77,1.54,-0.58,-0.58,-0.57
48.49,-1.62,-1.15,-1.61,-1.15,1.13,0.82,1.61,-0.48,-0.47,-0.46
48.97,-1.60,-1.26,-1.59,-1.25,1.23,0.88,1.69,-0.37,-0.36,-0.34
49.46,-1.57,-1.32,-1.58,-1.33,1.33,0.93,1.76,-0.24,-0.25,-0.24
49.96,-1.57,-1.41,-1.56,-1.41,1.42,0.99,1.83,-0.14,-0.14,-0.15
50.46,-1.57,-1.50,-1.56,-1.51,1.52,1.04,1.91,-0.05,-0.05,-0.06
50.96,-1.57,-1.61,-1.57,-1.61,1.61,1.10,1.98,0.05,0.05,0.04
51.47,-1.57,-1.72,-1.56,-1.71,1.71,1.16,2.05,0.15,0.15,0.15
51.99,-1.57,-1.81,-1.56,-1.81,1.82,1.22,2.13,0.25,0.25,0.24
52.51,-1.57,-1.90,-1.58,-1.92,1.92,1.28,2.20,0.36,0.35,0.34
53.03,-1.60,-2.03,-1.59,-2.03,2.03,1.34,2.27,0.43,0.44,0.44
53.56,-1.62,-2.15,-1.61,-2.14,2.14,1.40,2.34,0.52,0.53,0.54
54.10,-1.62,-2.24,-1.62,-2.24,2.24,1.46,2.40,0.62,0.62,0.63
54.64,-1.62,-2.33,-1.62,-2.33,2.34,1.53,2.47,0.72,0.72,0.72
55.18,-1.62,-2.41,-1.62,-2.43,2.43,1.59,2.53,0.81,0.81,0.80
55.74,-1.64,-2.52,-1.62,-2.51,2.51,1.66,2.59,0.88,0.89,0.89
56.29,-1.62,-2.60,-1.63,-2.59,2.58,1.73,2.65,0.97,0.96,0.99
56.86,-1.62,-2.65,-1.62,-2.66,2.65,1.80,2.71,1.03,1.03,1.03
57.42,-1.61,-2.72,-1.60,-2.71,2.70,1.87,2.76,1.08,1.10,1.10
58.00,-1.57,-2.74,-1.58,-2.74,2.74,1.94,2.81,1.18,1.16,1.17
58.58,-1.57,-2.78,-1.56,-2.78,2.78,2.02,2.85,1.21,1.22,1.22
59.16,-1.53,-2.80,-1.53,-2.81,2.81,2.09,2.89,1.28,1.27,1.27
59.76,-1.52,-2.84,-1.51,-2.83,2.83,2.17,2.92,1.32,1.32,1.32
60.35,-1.49,-2.86,-1.48,-2.85,2.86,2.24,2.95,1.37,1.37,1.38
60.96,-1.47,-2.87,-1.47,-2.87,2.88,2.32,2.98,1.42,1.42,1.40
61.57,-1.44,-2.88,-1.44,-2.90,2.91,2.39,3.00,1.48,1.47,1.45
62.18,-1.44,-2.95,-1.42,-2.93,2.94,2.47,3.02,1.51,1.52,1.51
62.80,-1.40,-2.97,-1.41,-2.97,2.97,2.55,3.03,1.58,1.57,1.58
63.43,-1.40,-3.00,-1.40,-3.01,3.00,2.62,3.03,1.60,1.60,1.61
64.07,-1.40,-3.05,-1.39,-3.04,3.03,2.69,3.03,1.63,1.64,1.65
64.71,-1.40,-3.07,-1.40,-3.07,3.06,2.76,3.03,1.66,1.66,1.67
65.35,-1.40,-3.09,-1.39,-3.08,3.09,2.83,3.02,1.69,1.70,1.70
66.01,-1.40,-3.09,-1.40,-3.10,3.12,2.89,3.00,1.72,1.72,1.70
66.67,-1.40,-3.10,-1.40,-3.12,3.14,2.95,2.98,1.75,1.74,1.71
67.33,-1.44,-3.16,-1.42,-3.15,3.16,3.01,2.96,1.73,1.74,1.73
68.01,-1.44,-3.18,-1.45,-3.19,3.18,3.06,2.93,1.75,1.73,1.75
68.69,-1.49,-3.22,-1.48,-3.22,3.20,3.11,2.90,1.71,1.71,1.74
69.37,-1.52,-3.23,-1.51,-3.22,3.20,3.15,2.87,1.69,1.70,1.72
70.07,-1.53,-3.21,-1.53,-3.21,3.21,3.18,2.83,1.68,1.68,1.69
70.77,-1.53,-3.19,-1.53,-3.19,3.20,3.21,2.79,1.68,1.67,1.66
71.48,-1.53,-3.17,-1.53,-3.17,3.19,3.23,2.75,1.66,1.66,1.65
72.19,-1.53,-3.16,-1.53,-3.16,3.16,3.24,2.71,1.64,1.63,1.64
72.91,-1.53,-3.14,-1.52,-3.14,3.13,3.25,2.67,1.60,1.61,1.61
73.64,-1.53,-3.11,-1.52,-3.11,3.10,3.25,2.62,1.57,1.58,1.59
74.38,-1.49,-3.06,-1.50,-3.06,3.07,3.24,2.57,1.58,1.57,1.57
75.12,-1.48,-3.02,-1.47,-3.01,3.03,3.22,2.53,1.56,1.56,1.55
75.87,-1.44,-2.96,-1.44,-2.97,2.99,3.20,2.48,1.56,1.55,1.53
76.63,-1.42,-2.94,-1.42,-2.94,2.95,3.17,2.43,1.53,1.53,1.52
77.40,-1.40,-2.92,-1.39,-2.91,2.89,3.13,2.39,1.50,1.51,1.52
78.17,-1.36,-2.87,-1.36,-2.87,2.84,3.09,2.34,1.48,1.47,1.52
78.95,-1.35,-2.82,-1.34,-2.81,2.78,3.04,2.29,1.43,1.44,1.48
79.74,-1.31,-2.72,-1.31,-2.72,2.72,2.99,2.25,1.42,1.41,1.42
80.54,-1.31,-2.63,-1.29,-2.64,2.67,2.93,2.20,1.36,1.37,1.33
81.35,-1.27,-2.56,-1.27,-2.57,2.61,2.87,2.16,1.35,1.34,1.30
82.16,-1.27,-2.53,-1.27,-2.53,2.56,2.80,2.12,1.29,1.29,1.27
82.98,-1.27,-2.50,-1.26,-2.50,2.50,2.73,2.08,1.24,1.24,1.23
83.81,-1.27,-2.47,-1.27,-2.47,2.45,2.66,2.04,1.19,1.19,1.20
84.65,-1.27,-2.44,-1.27,-2.43,2.41,2.59,2.00,1.14,1.14,1.18
85.50,-1.27,-2.39,-1.27,-2.39,2.36,2.52,1.96,1.10,1.10,1.12
86.35,-1.27,-2.33,-1.26,-2.33,2.32,2.45,1.93,1.05,1.06,1.06
87.22,-1.27,-2.26,-1.27,-2.27,2.27,2.37,1.89,1.01,1.00,1.00
88.09,-1.27,-2.21,-1.28,-2.21,2.22,2.30,1.86,0.96,0.94,0.94
88.97,-1.31,-2.17,-1.29,-2.16,2.17,2.23,1.83,0.87,0.88,0.87
89.86,-1.31,-2.13,-1.30,-2.12,2.13,2.15,1.80,0.82,0.83,0.82
90.76,-1.31,-2.07,-1.31,-2.08,2.09,2.08,1.77,0.78,0.78,0.76
91.66,-1.31,-2.04,-1.32,-2.04,2.05,2.01,1.74,0.75,0.74,0.74
92.58,-1.34,-2.02,-1.33,-2.02,2.02,1.94,1.72,0.68,0.69,0.68
93.51,-1.36,-2.01,-1.35,-2.00,1.99,1.87,1.69,0.63,0.64,0.65
94.44,-1.36,-1.97,-1.36,-1.97,1.96,1.81,1.67,0.60,0.60,0.62
95.39,-1.36,-1.92,-1.36,-1.93,1.92,1.74,1.65,0.57,0.57,0.57
96.34,-1.36,-1.89,-1.36,-1.89,1.89,1.68,1.63,0.53,0.53,0.53
97.30,-1.38,-1.86,-1.38,-1.86,1.85,1.62,1.61,0.48,0.48,0.48
98.28,-1.40,-1.83,-1.39,-1.82,1.81,1.56,1.59,0.42,0.42,0.43
99.26,-1.40,-1.77,-1.39,-1.77,1.77,1.50,1.58,0.38,0.38,0.37
100.25,-1.40,-1.72,-1.40,-1.72,1.73,1.44,1.56,0.34,0.33,0.32
101.25,-1.40,-1.67,-1.41,-1.69,1.70,1.39,1.55,0.30,0.29,0.28
102.27,-1.44,-1.67,-1.42,-1.66,1.66,1.33,1.53,0.23,0.24,0.24
103.29,-1.44,-1.64,-1.43,-1.63,1.63,1.28,1.52,0.19,0.20,0.21
104.32,-1.44,-1.59,-1.44,-1.60,1.60,1.23,1.51,0.16,0.15,0.16
105.37,-1.44,-1.55,-1.45,-1.57,1.57,1.18,1.50,0.13,0.11,0.12
106.42,-1.49,-1.55,-1.47,-1.54,1.54,1.14,1.49,0.05,0.07,0.07
107.48,-1.49,-1.51,-1.48,-1.51,1.51,1.09,1.48,0.03,0.03,0.03
108.56,-1.49,-1.48,-1.49,-1.49,1.49,1.05,1.47,0.00,-0.00,-0.01
109.64,-1.49,-1.45,-1.50,-1.46,1.46,1.01,1.46,-0.02,-0.04,-0.04
110.74,-1.53,-1.46,-1.51,-1.44,1.44,0.97,1.45,-0.09,-0.07,-0.07
111.85,-1.53,-1.42,-1.52,-1.42,1.41,0.93,1.43,-0.11,-0.11,-0.11
112.97,-1.53,-1.39,-1.53,-1.39,1.39,0.89,1.42,-0.13,-0.14,-0.14
114.10,-1.54,-1.36,-1.54,-1.37,1.37,0.85,1.41,-0.17,-0.17,-0.17
115.24,-1.57,-1.35,-1.55,-1.35,1.34,0.82,1.40,-0.22,-0.21,-0.21
116.39,-1.57,-1.32,-1.56,-1.32,1.32,0.78,1.39,-0.25,-0.24,-0.24
117.55,-1.57,-1.29,-1.57,-1.29,1.29,0.75,1.38,-0.27,-0.27,-0.28
118.73,-1.57,-1.25,-1.58,-1.26,1.27,0.72,1.36,-0.30,-0.31,-0.32
119.92,-1.60,-1.24,-1.59,-1.24,1.24,0.69,1.35,-0.36,-0.36,-0.35
121.12,-1.62,-1.23,-1.61,-1.22,1.21,0.66,1.34,-0.41,-0.40,-0.39
122.33,-1.62,-1.19,-1.62,-1.19,1.18,0.63,1.32,-0.44,-0.44,-0.43
123.55,-1.62,-1.14,-1.62,-1.15,1.15,0.60,1.30,-0.47,-0.47,-0.47
124.79,-1.62,-1.11,-1.61,-1.11,1.12,0.57,1.28,-0.49,-0.49,-0.51
126.03,-1.62,-1.07,-1.62,-1.08,1.09,0.54,1.26,-0.52,-0.53,-0.54
127.29,-1.64,-1.06,-1.64,-1.06,1.06,0.52,1.24,-0.57,-0.57,-0.58
128.57,-1.66,-1.04,-1.65,-1.04,1.03,0.49,1.22,-0.62,-0.61,-0.61
129.85,-1.66,-1.02,-1.66,-1.02,1.01,0.47,1.20,-0.65,-0.65,-0.63
131.15,-1.66,-0.99,-1.66,-0.99,0.98,0.45,1.17,-0.68,-0.68,-0.67
132.46,-1.66,-0.96,-1.66,-0.96,0.95,0.42,1.15,-0.70,-0.70,-0.70
133.79,-1.66,-0.92,-1.65,-0.92,0.93,0.40,1.12,-0.73,-0.72,-0.73
135.12,-1.66,-0.89,-1.65,-0.89,0.90,0.38,1.09,-0.75,-0.75,-0.76
136.48,-1.66,-0.86,-1.66,-0.87,0.88,0.36,1.06,-0.78,-0.78,-0.79
137.84,-1.68,-0.85,-1.68,-0.85,0.85,0.34,1.04,-0.82,-0.82,-0.82
139.22,-1.70,-0.84,-1.69,-0.84,0.83,0.32,1.01,-0.87,-0.86,-0.85
140.61,-1.70,-0.82,-1.70,-0.82,0.81,0.30,0.97,-0.89,-0.89,-0.87
142.02,-1.70,-0.79,-1.70,-0.80,0.79,0.28,0.94,-0.91,-0.91,-0.90
143.44,-1.70,-0.77,-1.69,-0.77,0.77,0.26,0.91,-0.93,-0.93,-0.93
144.87,-1.70,-0.74,-1.69,-0.73,0.74,0.24,0.88,-0.95,-0.95,-0.96
146.32,-1.70,-0.70,-1.70,-0.71,0.72,0.23,0.84,-0.98,-0.98,-0.99
147.78,-1.71,-0.69,-1.72,-0.69,0.69,0.21,0.81,-1.01,-1.03,-1.02
149.26,-1.75,-0.68,-1.74,-0.67,0.66,0.19,0.78,-1.08,-1.08,-1.07
150.75,-1.79,-0.66,-1.77,-0.65,0.64,0.18,0.74,-1.15,-1.13,-1.12
152.26,-1.79,-0.61,-1.79,-0.62,0.61,0.16,0.71,-1.17,-1.18,-1.17
153.78,-1.79,-0.58,-1.79,-0.58,0.59,0.14,0.67,-1.20,-1.20,-1.21
155.32,-1.79,-0.55,-1.79,-0.55,0.57,0.13,0.64,-1.22,-1.22,-1.23
156.88,-1.79,-0.53,-1.79,-0.53,0.55,0.11,0.60,-1.24,-1.24,-1.25
158.44,-1.81,-0.52,-1.80,-0.52,0.53,0.10,0.57,-1.28,-1.27,-1.29
160.03,-1.81,-0.52,-1.80,-0.51,0.51,0.08,0.53,-1.30,-1.30,-1.29
161.63,-1.81,-0.51,-1.81,-0.50,0.49,0.07,0.50,-1.32,-1.32,-1.30
163.24,-1.81,-0.48,-1.80,-0.47,0.47,0.06,0.46,-1.34,-1.33,-1.33
164.88,-1.81,-0.45,-1.81,-0.45,0.45,0.04,0.43,-1.35,-1.35,-1.36
166.53,-1.81,-0.41,-1.81,-0.42,0.43,0.03,0.40,-1.38,-1.38,-1.40
168.19,-1.83,-0.41,-1.82,-0.40,0.40,0.02,0.36,-1.42,-1.42,-1.42
169.87,-1.83,-0.37,-1.82,-0.37,0.37,0.00,0.33,-1.46,-1.45,-1.45
171.57,-1.83,-0.34,-1.83,-0.34,0.33,-0.01,0.29,-1.49,-1.50,-1.48
173.29,-1.83,-0.30,-1.83,-0.30,0.29,-0.02,0.26,-1.54,-1.54,-1.53
175.02,-1.83,-0.26,-1.83,-0.25,0.24,-0.04,0.23,-1.58,-1.58,-1.57
176.77,-1.83,-0.20,-1.83,-0.19,0.19,-0.05,0.19,-1.63,-1.63,-1.62
178.54,-1.83,-0.13,-1.83,-0.13,0.14,-0.06,0.16,-1.68,-1.69,-1.70
180.32,-1.83,-0.06,-1.83,-0.07,0.08,-0.07,0.12,-1.74,-1.74,-1.76
182.13,-1.83,-0.02,-1.82,-0.02,0.02,-0.08,0.09,-1.80,-1.80,-1.81
183.95,-1.82,0.03,-1.82,0.03,-0.04,-0.10,0.06,-1.85,-1.86,-1.84
185.79,-1.81,0.09,-1.81,0.09,-0.10,-0.11,0.03,-1.91,-1.91,-1.90
187.65,-1.81,0.15,-1.80,0.15,-0.16,-0.12,-0.01,-1.97,-1.96,-1.96
189.52,-1.79,0.22,-1.79,0.22,-0.22,-0.13,-0.04,-2.00,-2.01,-2.00
191.42,-1.79,0.28,-1.79,0.28,-0.27,-0.14,-0.07,-2.06,-2.06,-2.06
193.33,-1.79,0.33,-1.78,0.33,-0.33,-0.15,-0.11,-2.11,-2.11,-2.12
195.27,-1.79,0.38,-1.79,0.38,-0.37,-0.16,-0.14,-2.16,-2.16,-2.17
197.22,-1.79,0.42,-1.79,0.42,-0.42,-0.17,-0.17,-2.20,-2.20,-2.21
199.19,-1.79,0.46,-1.78,0.46,-0.46,-0.18,-0.20,-2.24,-2.24,-2.24
201.18,-1.77,0.50,-1.77,0.49,-0.49,-0.20,-0.23,-2.26,-2.26,-2.26
203.19,-1.76,0.53,-1.76,0.52,-0.52,-0.21,-0.26,-2.28,-2.28,-2.28
205.23,-1.75,0.55,-1.75,0.55,-0.55,-0.22,-0.30,-2.29,-2.30,-2.29
207.28,-1.75,0.57,-1.74,0.57,-0.57,-0.23,-0.33,-2.32,-2.32,-2.31
209.35,-1.75,0.59,-1.75,0.59,-0.60,-0.24,-0.36,-2.34,-2.34,-2.34
211.44,-1.75,0.61,-1.75,0.61,-0.62,-0.25,-0.39,-2.36,-2.36,-2.36
213.56,-1.75,0.63,-1.74,0.64,-0.63,-0.26,-0.41,-2.38,-2.37,-2.38
215.69,-1.73,0.65,-1.72,0.65,-0.65,-0.27,-0.44,-2.37,-2.37,-2.38
217.85,-1.70,0.68,-1.71,0.67,-0.66,-0.28,-0.47,-2.36,-2.37,-2.37
220.03,-1.70,0.68,-1.70,0.68,-0.67,-0.29,-0.50,-2.37,-2.37,-2.37
222.23,-1.70,0.68,-1.69,0.68,-0.69,-0.30,-0.52,-2.38,-2.38,-2.38
224.45,-1.70,0.67,-1.68,0.69,-0.70,-0.31,-0.55,-2.39,-2.38,-2.37
226.70,-1.66,0.71,-1.67,0.70,-0.71,-0.32,-0.57,-2.36,-2.38,-2.36
228.96,-1.66,0.71,-1.66,0.71,-0.71,-0.33,-0.60,-2.37,-2.37,-2.37
231.25,-1.66,0.72,-1.64,0.73,-0.72,-0.34,-0.62,-2.37,-2.36,-2.38
233.57,-1.63,0.74,-1.63,0.73,-0.72,-0.34,-0.64,-2.34,-2.35,-2.36
235.90,-1.62,0.73,-1.62,0.73,-0.72,-0.35,-0.66,-2.33,-2.34,-2.35
238.26,-1.62,0.71,-1.62,0.71,-0.71,-0.36,-0.68,-2.33,-2.33,-2.32
240.64,-1.62,0.69,-1.61,0.70,-0.70,-0.37,-0.70,-2.32,-2.31,-2.31
243.05,-1.61,0.68,-1.60,0.69,-0.69,-0.38,-0.71,-2.30,-2.29,-2.28
245.48,-1.57,0.70,-1.58,0.68,-0.68,-0.39,-0.73,-2.25,-2.26,-2.27
247.93,-1.57,0.67,-1.57,0.67,-0.67,-0.40,-0.74,-2.24,-2.24,-2.23
250.41,-1.57,0.64,-1.56,0.65,-0.66,-0.41,-0.75,-2.23,-2.22,-2.21
252.92,-1.57,0.64,-1.57,0.64,-0.65,-0.42,-0.76,-2.22,-2.22,-2.20
255.45,-1.57,0.63,-1.56,0.64,-0.64,-0.43,-0.77,-2.21,-2.20,-2.20
258.00,-1.55,0.66,-1.55,0.64,-0.64,-0.44,-0.78,-2.18,-2.18,-2.20
260.58,-1.54,0.64,-1.54,0.64,-0.63,-0.45,-0.78,-2.17,-2.17,-2.18
263.19,-1.53,0.63,-1.53,0.63,-0.63,-0.46,-0.79,-2.15,-2.15,-2.15
265.82,-1.53,0.61,-1.52,0.61,-0.62,-0.46,-0.79,-2.15,-2.15,-2.13
268.48,-1.53,0.61,-1.52,0.61,-0.62,-0.47,-0.79,-2.14,-2.14,-2.14
271.16,-1.53,0.62,-1.53,0.61,-0.61,-0.48,-0.79,-2.14,-2.14,-2.14
273.87,-1.53,0.62,-1.53,0.61,-0.60,-0.49,-0.79,-2.13,-2.13,-2.15
276.61,-1.53,0.60,-1.53,0.60,-0.60,-0.50,-0.79,-2.13,-2.13,-2.13
279.38,-1.53,0.60,-1.53,0.60,-0.60,-0.51,-0.79,-2.13,-2.13,-2.12
282.17,-1.53,0.59,-1.53,0.59,-0.60,-0.52,-0.79,-2.13,-2.13,-2.11
284.99,-1.53,0.60,-1.53,0.60,-0.61,-0.53,-0.79,-2.13,-2.13,-2.13
287.84,-1.53,0.60,-1.53,0.61,-0.61,-0.53,-0.78,-2.14,-2.14,-2.13
290.72,-1.53,0.63,-1.53,0.63,-0.62,-0.54,-0.78,-2.15,-2.15,-2.15
293.63,-1.53,0.64,-1.53,0.64,-0.63,-0.55,-0.77,-2.16,-2.16,-2.17
296.57,-1.53,0.66,-1.53,0.66,-0.65,-0.56,-0.77,-2.17,-2.17,-2.19
299.53,-1.53,0.67,-1.53,0.67,-0.67,-0.57,-0.77,-2.19,-2.19,-2.19
302.53,-1.53,0.68,-1.53,0.68,-0.69,-0.58,-0.76,-2.21,-2.21,-2.20
305.55,-1.53,0.70,-1.52,0.70,-0.70,-0.58,-0.76,-2.23,-2.22,-2.22
308.61,-1.51,0.72,-1.51,0.72,-0.72,-0.59,-0.75,-2.23,-2.23,-2.23
311.69,-1.50,0.74,-1.50,0.75,-0.74,-0.60,-0.75,-2.24,-2.24,-2.24
314.81,-1.49,0.78,-1.49,0.77,-0.77,-0.61,-0.74,-2.25,-2.26,-2.26
317.96,-1.49,0.80,-1.49,0.79,-0.79,-0.62,-0.74,-2.28,-2.28,-2.28
321.14,-1.49,0.81,-1.48,0.81,-0.82,-0.62,-0.74,-2.31,-2.31,-2.29
324.35,-1.49,0.83,-1.47,0.84,-0.85,-0.63,-0.74,-2.33,-2.32,-2.32
327.59,-1.46,0.87,-1.46,0.87,-0.87,-0.64,-0.73,-2.33,-2.33,-2.33
330.87,-1.44,0.91,-1.45,0.90,-0.89,-0.65,-0.73,-2.33,-2.34,-2.35
334.18,-1.44,0.92,-1.43,0.92,-0.92,-0.66,-0.73,-2.35,-2.35,-2.35
337.52,-1.44,0.92,-1.42,0.93,-0.93,-0.66,-0.73,-2.37,-2.35,-2.35
340.90,-1.40,0.96,-1.41,0.94,-0.95,-0.67,-0.73,-2.35,-2.36,-2.35
344.30,-1.40,0.95,-1.40,0.96,-0.96,-0.68,-0.73,-2.36,-2.36,-2.35
347.75,-1.40,0.95,-1.38,0.96,-0.96,-0.69,-0.73,-2.36,-2.34,-2.35
351.23,-1.36,0.97,-1.37,0.96,-0.96,-0.69,-0.73,-2.31,-2.32,-2.33
354.74,-1.36,0.94,-1.36,0.95,-0.94,-0.70,-0.73,-2.29,-2.30,-2.30
358.28,-1.36,0.92,-1.35,0.92,-0.91,-0.71,-0.74,-2.26,-2.26,-2.27
361.87,-1.36,0.89,-1.35,0.88,-0.87,-0.72,-0.74,-2.23,-2.22,-2.24
365.49,-1.36,0.83,-1.36,0.83,-0.82,-0.72,-0.74,-2.18,-2.18,-2.18
369.14,-1.36,0.77,-1.37,0.76,-0.76,-0.73,-0.75,-2.11,-2.12,-2.12
372.83,-1.40,0.67,-1.38,0.68,-0.69,-0.74,-0.75,-2.08,-2.07,-2.06
376.56,-1.40,0.61,-1.40,0.60,-0.61,-0.74,-0.76,-2.00,-2.01,-2.01
380.33,-1.43,0.52,-1.42,0.52,-0.52,-0.75,-0.77,-1.94,-1.94,-1.95
384.13,-1.44,0.44,-1.44,0.44,-0.43,-0.76,-0.77,-1.86,-1.87,-1.88
387.97,-1.47,0.35,-1.47,0.35,-0.34,-0.76,-0.78,-1.81,-1.81,-1.82
391.85,-1.49,0.26,-1.49,0.26,-0.26,-0.77,-0.79,-1.74,-1.74,-1.75
395.77,-1.53,0.15,-1.52,0.16,-0.18,-0.78,-0.80,-1.70,-1.69,-1.68
399.73,-1.53,0.10,-1.53,0.09,-0.11,-0.78,-0.80,-1.64,-1.64,-1.62
403.72,-1.57,0.03,-1.56,0.04,-0.05,-0.79,-0.81,-1.62,-1.61,-1.59
407.76,-1.57,0.02,-1.58,0.00,-0.00,-0.80,-0.82,-1.57,-1.58,-1.58
411.84,-1.62,-0.03,-1.60,-0.02,0.03,-0.80,-0.83,-1.59,-1.57,-1.58
415.96,-1.63,-0.03,-1.63,-0.04,0.05,-0.81,-0.84,-1.58,-1.58,-1.59
420.12,-1.66,-0.04,-1.66,-0.05,0.05,-0.81,-0.85,-1.61,-1.61,-1.61
424.32,-1.70,-0.04,-1.69,-0.04,0.03,-0.82,-0.86,-1.66,-1.66,-1.65
428.56,-1.74,-0.02,-1.74,-0.02,0.00,-0.83,-0.87,-1.73,-1.73,-1.72
432.85,-1.77,0.04,-1.77,0.04,-0.04,-0.83,-0.88,-1.81,-1.82,-1.81
437.18,-1.83,0.09,-1.81,0.10,-0.11,-0.84,-0.89,-1.93,-1.92,-1.92
441.55,-1.83,0.20,-1.84,0.18,-0.19,-0.84,-0.90,-2.02,-2.03,-2.03
445.96,-1.88,0.26,-1.86,0.28,-0.29,-0.85,-0.91,-2.16,-2.15,-2.14
450.42,-1.88,0.39,-1.88,0.39,-0.40,-0.85,-0.92,-2.27,-2.27,-2.27
454.93,-1.88,0.51,-1.88,0.51,-0.52,-0.86,-0.92,-2.39,-2.40,-2.39
459.48,-1.88,0.63,-1.87,0.64,-0.64,-0.86,-0.93,-2.52,-2.51,-2.51
464.07,-1.84,0.78,-1.85,0.77,-0.76,-0.87,-0.94,-2.60,-2.61,-2.62
468.71,-1.83,0.87,-1.82,0.89,-0.88,-0.87,-0.94,-2.71,-2.70,-2.70
473.40,-1.78,1.00,-1.78,1.00,-0.99,-0.88,-0.95,-2.76,-2.76,-2.78
478.13,-1.73,1.09,-1.73,1.09,-1.08,-0.88,-0.95,-2.80,-2.81,-2.82
482.91,-1.68,1.17,-1.67,1.17,-1.15,-0.89,-0.95,-2.83,-2.82,-2.84
487.74,-1.62,1.24,-1.61,1.23,-1.21,-0.89,-0.96,-2.83,-2.82,-2.85
492.62,-1.55,1.28,-1.56,1.26,-1.25,-0.89,-0.96,-2.80,-2.81,-2.82
497.55,-1.51,1.28,-1.51,1.28,-1.28,-0.90,-0.96,-2.79,-2.79,-2.78
502.52,-1.47,1.28,-1.45,1.29,-1.30,-0.90,-0.95,-2.76,-2.75,-2.74
507.55,-1.40,1.30,-1.40,1.29,-1.30,-0.91,-0.95,-2.70,-2.70,-2.69
512.62,-1.34,1.30,-1.34,1.29,-1.30,-0.91,-0.95,-2.63,-2.64,-2.63
517.75,-1.29,1.28,-1.28,1.29,-1.29,-0.91,-0.94,-2.57,-2.56,-2.56
522.93,-1.23,1.27,-1.22,1.27,-1.27,-0.92,-0.94,-2.49,-2.49,-2.49
528.16,-1.16,1.27,-1.16,1.26,-1.25,-0.92,-0.93,-2.40,-2.41,-2.42
533.44,-1.12,1.23,-1.11,1.23,-1.23,-0.92,-0.92,-2.34,-2.33,-2.34
538.77,-1.06,1.21,-1.06,1.20,-1.20,-0.93,-0.91,-2.25,-2.26,-2.26
544.16,-1.03,1.16,-1.02,1.16,-1.17,-0.93,-0.90,-2.20,-2.19,-2.18
549.60,-0.98,1.14,-0.97,1.14,-1.14,-0.93,-0.89,-2.12,-2.12,-2.11
555.10,-0.93,1.11,-0.93,1.11,-1.12,-0.93,-0.88,-2.04,-2.04,-2.03
560.65,-0.88,1.10,-0.88,1.09,-1.09,-0.94,-0.87,-1.97,-1.97,-1.97
566.25,-0.84,1.07,-0.84,1.07,-1.07,-0.94,-0.86,-1.91,-1.91,-1.90
571.92,-0.80,1.05,-0.79,1.06,-1.06,-0.94,-0.85,-1.85,-1.85,-1.84
577.64,-0.75,1.05,-0.75,1.04,-1.05,-0.94,-0.84,-1.79,-1.79,-1.79
583.41,-0.70,1.04,-0.70,1.03,-1.03,-0.94,-0.82,-1.73,-1.74,-1.73
589.25,-0.67,1.02,-0.66,1.03,-1.02,-0.94,-0.81,-1.69,-1.68,-1.68
595.14,-0.62,1.02,-0.62,1.02,-1.02,-0.95,-0.80,-1.63,-1.63,-1.64
601.09,-0.58,1.02,-0.58,1.01,-1.01,-0.95,-0.78,-1.58,-1.59,-1.60
607.10,-0.55,1.01,-0.54,1.01,-1.00,-0.95,-0.77,-1.55,-1.54,-1.56
613.17,-0.53,0.99,-0.52,1.00,-1.00,-0.95,-0.76,-1.52,-1.52,-1.52
619.30,-0.49,1.01,-0.50,0.99,-1.00,-0.95,-0.74,-1.48,-1.50,-1.50
625.50,-0.49,0.97,-0.48,0.99,-1.00,-0.95,-0.73,-1.49,-1.48,-1.46
631.75,-0.45,1.01,-0.45,1.01,-1.01,-0.95,-0.72,-1.45,-1.46,-1.46
638.07,-0.43,1.02,-0.42,1.02,-1.02,-0.95,-0.71,-1.45,-1.44,-1.45
644.45,-0.38,1.06,-0.38,1.05,-1.04,-0.95,-0.70,-1.42,-1.42,-1.44
650.89,-0.34,1.07,-0.34,1.07,-1.07,-0.95,-0.68,-1.41,-1.41,-1.41
657.40,-0.29,1.10,-0.28,1.10,-1.11,-0.95,-0.67,-1.39,-1.39,-1.39
663.98,-0.23,1.13,-0.23,1.13,-1.15,-0.95,-0.66,-1.38,-1.38,-1.36
670.62,-0.17,1.19,-0.17,1.19,-1.20,-0.95,-0.65,-1.37,-1.37,-1.36
677.32,-0.12,1.24,-0.10,1.25,-1.26,-0.94,-0.64,-1.38,-1.37,-1.36
684.10,-0.04,1.33,-0.04,1.32,-1.33,-0.94,-0.63,-1.36,-1.37,-1.37
690.94,0.03,1.38,0.03,1.38,-1.39,-0.94,-0.63,-1.36,-1.36,-1.35
697.85,0.09,1.42,0.11,1.44,-1.45,-0.94,-0.62,-1.35,-1.34,-1.33
704.83,0.18,1.50,0.18,1.49,-1.49,-0.94,-0.61,-1.31,-1.31,-1.32
711.87,0.25,1.53,0.25,1.53,-1.51,-0.93,-0.60,-1.25,-1.26,-1.28
718.99,0.31,1.55,0.32,1.55,-1.50,-0.93,-0.60,-1.18,-1.18,-1.24
726.18,0.35,1.50,0.36,1.51,-1.46,-0.93,-0.59,-1.10,-1.10,-1.15
733.44,0.38,1.44,0.37,1.42,-1.39,-0.92,-0.58,-1.01,-1.02,-1.06
740.78,0.34,1.29,0.35,1.30,-1.30,-0.92,-0.58,-0.95,-0.95,-0.95
748.19,0.31,1.16,0.32,1.17,-1.18,-0.92,-0.57,-0.87,-0.87,-0.85
755.67,0.27,1.02,0.28,1.02,-1.05,-0.91,-0.57,-0.78,-0.77,-0.75
763.23,0.25,0.88,0.26,0.89,-0.91,-0.91,-0.57,-0.65,-0.65,-0.63
770.86,0.24,0.75,0.25,0.75,-0.76,-0.90,-0.56,-0.51,-0.51,-0.51
778.57,0.24,0.62,0.25,0.62,-0.60,-0.90,-0.56,-0.36,-0.36,-0.38
786.35,0.25,0.47,0.25,0.47,-0.45,-0.89,-0.56,-0.20,-0.20,-0.22
794.22,0.25,0.33,0.25,0.32,-0.31,-0.89,-0.55,-0.05,-0.06,-0.08
802.16,0.25,0.16,0.25,0.17,-0.17,-0.88,-0.55,0.09,0.08,0.09
810.18,0.25,0.02,0.26,0.03,-0.04,-0.88,-0.55,0.22,0.22,0.23
818.28,0.26,-0.10,0.27,-0.10,0.08,-0.87,-0.55,0.35,0.35,0.36
826.46,0.29,-0.20,0.29,-0.20,0.19,-0.86,-0.55,0.48,0.48,0.49
834.73,0.32,-0.29,0.33,-0.28,0.27,-0.86,-0.54,0.60,0.60,0.61
843.08,0.37,-0.34,0.37,-0.34,0.34,-0.85,-0.54,0.72,0.71,0.71
851.51,0.40,-0.40,0.40,-0.39,0.40,-0.84,-0.54,0.80,0.80,0.80
860.02,0.42,-0.41,0.42,-0.41,0.43,-0.83,-0.54,0.85,0.85,0.83
868.62,0.42,-0.43,0.42,-0.43,0.44,-0.82,-0.54,0.86,0.86,0.85
877.31,0.40,-0.42,0.40,-0.42,0.42,-0.81,-0.53,0.83,0.82,0.82
886.08,0.36,-0.40,0.36,-0.40,0.38,-0.80,-0.53,0.75,0.75,0.76
894.94,0.31,-0.36,0.32,-0.35,0.32,-0.79,-0.53,0.64,0.64,0.67
903.89,0.26,-0.28,0.27,-0.27,0.24,-0.78,-0.52,0.50,0.50,0.54
912.93,0.21,-0.16,0.22,-0.16,0.13,-0.77,-0.52,0.34,0.35,0.37
922.06,0.18,-0.01,0.18,-0.02,0.00,-0.76,-0.51,0.19,0.18,0.19
931.28,0.13,0.12,0.14,0.14,-0.13,-0.75,-0.51,0.01,0.01,0.01
940.59,0.12,0.29,0.11,0.28,-0.26,-0.74,-0.50,-0.14,-0.15,-0.17
950.00,0.07,0.41,0.09,0.41,-0.39,-0.73,-0.49,-0.32,-0.30,-0.34
959.50,0.07,0.51,0.08,0.53,-0.50,-0.71,-0.48,-0.43,-0.42,-0.44
969.09,0.07,0.63,0.07,0.62,-0.59,-0.70,-0.47,-0.52,-0.52,-0.56
978.78,0.06,0.69,0.06,0.68,-0.66,-0.68,-0.46,-0.59,-0.60,-0.63
988.57,0.03,0.71,0.04,0.72,-0.70,-0.67,-0.45,-0.67,-0.66,-0.68
998.46,0.00,0.71,0.01,0.72,-0.72,-0.65,-0.44,-0.72,-0.72,-0.71
1008.44,-0.03,0.71,-0.03,0.71,-0.72,-0.64,-0.43,-0.75,-0.75,-0.74
1018.53,-0.08,0.69,-0.07,0.69,-0.70,-0.62,-0.41,-0.78,-0.77,-0.77
1028.71,-0.12,0.67,-0.11,0.68,-0.67,-0.61,-0.39,-0.78,-0.78,-0.79
1039.00,-0.18,0.64,-0.18,0.64,-0.62,-0.59,-0.38,-0.79,-0.79,-0.82
1049.39,-0.25,0.61,-0.26,0.59,-0.56,-0.57,-0.36,-0.81,-0.82,-0.86
1059.88,-0.38,0.51,-0.37,0.53,-0.51,-0.55,-0.34,-0.88,-0.87,-0.89
1070.48,-0.48,0.46,-0.48,0.45,-0.47,-0.53,-0.32,-0.94,-0.95,-0.94
1081.19,-0.60,0.38,-0.59,0.39,-0.44,-0.51,-0.30,-1.03,-1.03,-0.98
1092.00,-0.68,0.35,-0.67,0.37,-0.43,-0.49,-0.27,-1.10,-1.10,-1.03
1102.92,-0.73,0.38,-0.72,0.38,-0.44,-0.47,-0.25,-1.16,-1.16,-1.11
1113.95,-0.75,0.44,-0.74,0.44,-0.46,-0.45,-0.23,-1.21,-1.21,-1.19
1125.09,-0.75,0.50,-0.74,0.51,-0.50,-0.43,-0.20,-1.25,-1.24,-1.25
1136.34,-0.73,0.57,-0.73,0.57,-0.55,-0.40,-0.17,-1.28,-1.28,-1.30
1147.70,-0.71,0.63,-0.72,0.62,-0.60,-0.38,-0.15,-1.31,-1.32,-1.34
1159.18,-0.73,0.65,-0.72,0.66,-0.64,-0.35,-0.12,-1.37,-1.36,-1.38
1170.77,-0.75,0.66,-0.74,0.67,-0.66,-0.33,-0.09,-1.40,-1.39,-1.41
1182.48,-0.75,0.67,-0.76,0.66,-0.65,-0.30,-0.06,-1.39,-1.40,-1.42
1194.30,-0.79,0.60,-0.77,0.62,-0.60,-0.27,-0.03,-1.39,-1.37,-1.39
1206.25,-0.79,0.56,-0.79,0.55,-0.53,-0.24,-0.00,-1.31,-1.32,-1.35
1218.31,-0.83,0.45,-0.83,0.45,-0.42,-0.22,0.03,-1.25,-1.25,-1.28
1230.49,-0.86,0.31,-0.86,0.32,-0.29,-0.19,0.06,-1.15,-1.15,-1.17
1242.80,-0.91,0.15,-0.90,0.15,-0.14,-0.16,0.10,-1.05,-1.05,-1.06
1255.22,-0.94,-0.03,-0.93,-0.03,0.02,-0.12,0.13,-0.92,-0.92,-0.91
1267.78,-0.97,-0.21,-0.97,-0.21,0.19,-0.09,0.16,-0.78,-0.78,-0.76
1280.45,-0.99,-0.39,-0.98,-0.38,0.36,-0.06,0.20,-0.63,-0.62,-0.60
1293.26,-1.01,-0.54,-1.00,-0.55,0.53,-0.02,0.23,-0.47,-0.47,-0.47
1306.19,-1.01,-0.70,-1.01,-0.70,0.70,0.01,0.27,-0.31,-0.32,-0.31
1319.25,-1.05,-0.86,-1.04,-0.84,0.85,0.05,0.30,-0.19,-0.19,-0.19
1332.45,-1.08,-0.97,-1.08,-0.98,1.00,0.08,0.34,-0.08,-0.09,-0.11
1345.77,-1.17,-1.10,-1.16,-1.10,1.12,0.12,0.37,-0.04,-0.04,-0.07
1359.23,-1.27,-1.21,-1.27,-1.21,1.23,0.16,0.41,-0.04,-0.05,-0.06
1372.82,-1.42,-1.33,-1.42,-1.32,1.31,0.20,0.45,-0.11,-0.11,-0.09
1386.55,-1.57,-1.39,-1.56,-1.39,1.35,0.24,0.49,-0.21,-0.21,-0.18
1400.41,-1.71,-1.43,-1.70,-1.41,1.37,0.28,0.52,-0.34,-0.33,-0.28
1414.42,-1.80,-1.37,-1.80,-1.38,1.34,0.32,0.56,-0.46,-0.46,-0.43
1428.56,-1.89,-1.32,-1.88,-1.31,1.28,0.36,0.60,-0.61,-0.60,-0.57
1442.85,-1.92,-1.21,-1.91,-1.20,1.18,0.40,0.64,-0.74,-0.74,-0.71
1457.28,-1.92,-1.07,-1.92,-1.07,1.05,0.44,0.68,-0.86,-0.86,-0.85
1471.85,-1.88,-0.91,-1.88,-0.92,0.92,0.49,0.72,-0.96,-0.96,-0.97
1486.57,-1.83,-0.78,-1.82,-0.76,0.78,0.53,0.76,-1.04,-1.04,-1.05
1501.43,-1.74,-0.62,-1.73,-0.62,0.66,0.58,0.81,-1.07,-1.07,-1.12
1516.45,-1.64,-0.51,-1.63,-0.52,0.56,0.62,0.85,-1.07,-1.07,-1.13
1531.61,-1.53,-0.45,-1.53,-0.45,0.49,0.66,0.89,-1.03,-1.04,-1.08
1546.93,-1.45,-0.43,-1.45,-0.42,0.45,0.71,0.93,-0.99,-0.99,-1.02
1562.40,-1.38,-0.43,-1.38,-0.43,0.45,0.75,0.98,-0.93,-0.93,-0.95
1578.02,-1.34,-0.47,-1.33,-0.47,0.47,0.80,1.02,-0.86,-0.86,-0.87
1593.80,-1.29,-0.52,-1.28,-0.51,0.52,0.84,1.06,-0.77,-0.76,-0.77
1609.74,-1.24,-0.58,-1.24,-0.58,0.58,0.89,1.11,-0.66,-0.66,-0.66
1625.84,-1.19,-0.64,-1.20,-0.65,0.64,0.93,1.15,-0.55,-0.56,-0.55
1642.10,-1.18,-0.75,-1.17,-0.73,0.70,0.97,1.19,-0.48,-0.47,-0.43
1658.52,-1.14,-0.79,-1.14,-0.80,0.75,1.02,1.23,-0.38,-0.39,-0.35
1675.10,-1.12,-0.85,-1.11,-0.84,0.81,1.06,1.27,-0.31,-0.30,-0.27
1691.85,-1.07,-0.88,-1.05,-0.86,0.86,1.10,1.32,-0.21,-0.19,-0.19
1708.77,-1.00,-0.87,-1.01,-0.89,0.91,1.14,1.35,-0.08,-0.10,-0.13
1725.86,-0.97,-0.91,-0.97,-0.92,0.96,1.18,1.39,-0.00,-0.01,-0.06
1743.12,-0.97,-0.99,-0.96,-0.98,1.01,1.22,1.43,0.05,0.05,0.02
1760.55,-0.97,-1.06,-0.96,-1.05,1.07,1.26,1.47,0.10,0.10,0.09
1778.15,-0.97,-1.12,-0.96,-1.12,1.12,1.29,1.50,0.15,0.16,0.15
1795.94,-0.95,-1.17,-0.95,-1.18,1.16,1.33,1.53,0.21,0.21,0.22
1813.90,-0.92,-1.22,-0.92,-1.22,1.18,1.37,1.56,0.27,0.26,0.30
1832.03,-0.90,-1.26,-0.87,-1.24,1.19,1.40,1.59,0.29,0.31,0.36
1850.36,-0.79,-1.22,-0.80,-1.24,1.17,1.44,1.61,0.38,0.37,0.43
1868.86,-0.71,-1.22,-0.69,-1.20,1.14,1.47,1.64,0.44,0.45,0.51
1887.55,-0.57,-1.14,-0.57,-1.13,1.11,1.51,1.65,0.55,0.55,0.57
1906.42,-0.46,-1.06,-0.47,-1.07,1.10,1.55,1.67,0.65,0.63,0.60
1925.49,-0.38,-1.02,-0.38,-1.03,1.11,1.59,1.68,0.74,0.73,0.64
1944.74,-0.36,-1.08,-0.34,-1.07,1.16,1.63,1.69,0.81,0.82,0.72
1964.19,-0.32,-1.16,-0.33,-1.17,1.25,1.68,1.69,0.94,0.92,0.84
1983.83,-0.34,-1.33,-0.34,-1.32,1.38,1.73,1.69,1.04,1.04,0.99
2003.67,-0.36,-1.52,-0.36,-1.52,1.53,1.79,1.69,1.17,1.16,1.16
2023.71,-0.38,-1.73,-0.39,-1.74,1.70,1.86,1.68,1.32,1.31,1.35
2043.94,-0.39,-1.96,-0.36,-1.95,1.87,1.94,1.67,1.48,1.51,1.57
2064.38,-0.26,-2.13,-0.25,-2.11,2.04,2.02,1.66,1.78,1.79,1.87
2085.03,-0.06,-2.26,-0.04,-2.24,2.19,2.13,1.64,2.13,2.15,2.20
2105.88,0.24,-2.30,0.23,-2.33,2.33,2.24,1.62,2.57,2.56,2.54
2126.94,0.55,-2.42,0.55,-2.42,2.46,2.37,1.59,3.01,3.00,2.97
2148.20,0.86,-2.54,0.87,-2.52,2.59,2.50,1.56,3.45,3.46,3.40
2169.69,1.19,-2.63,1.19,-2.64,2.71,2.64,1.53,3.91,3.90,3.82
2191.38,1.49,-2.74,1.49,-2.74,2.82,2.76,1.50,4.31,4.30,4.23
2213.30,1.76,-2.86,1.77,-2.86,2.89,2.86,1.46,4.65,4.66,4.62
2235.43,2.03,-2.96,2.03,-2.97,2.93,2.93,1.42,4.96,4.95,4.99
2257.78,2.27,-3.06,2.28,-3.04,2.91,2.93,1.37,5.19,5.20,5.33
2280.36,2.55,-3.07,2.55,-3.06,2.85,2.87,1.33,5.40,5.40,5.62
2303.17,2.83,-3.02,2.85,-3.01,2.73,2.73,1.28,5.56,5.57,5.85
2326.20,3.17,-2.88,3.17,-2.88,2.55,2.53,1.23,5.73,5.72,6.05
2349.46,3.50,-2.70,3.51,-2.69,2.33,2.28,1.18,5.84,5.84,6.20
2372.95,3.86,-2.43,3.86,-2.43,2.08,2.00,1.13,5.94,5.94,6.29
2396.68,4.21,-2.12,4.22,-2.12,1.79,1.70,1.08,6.01,6.01,6.33
2420.65,4.57,-1.78,4.58,-1.77,1.50,1.41,1.03,6.08,6.08,6.35
2444.86,4.93,-1.41,4.93,-1.41,1.23,1.12,0.97,6.16,6.15,6.34
2469.31,5.25,-1.07,5.26,-1.06,0.98,0.84,0.92,6.23,6.24,6.32
2494.00,5.56,-0.72,5.56,-0.73,0.74,0.58,0.86,6.31,6.31,6.28
2518.94,5.83,-0.45,5.81,-0.46,0.52,0.34,0.81,6.35,6.33,6.28
2544.13,6.02,-0.24,6.02,-0.24,0.29,0.12,0.75,6.31,6.31,6.26
2569.57,6.19,-0.09,6.21,-0.07,0.06,-0.08,0.70,6.25,6.27,6.28
2595.27,6.43,0.11,6.42,0.11,-0.18,-0.26,0.64,6.26,6.25,6.32
2621.22,6.67,0.29,6.70,0.31,-0.41,-0.42,0.58,6.27,6.29,6.38
2647.43,7.01,0.54,7.03,0.56,-0.63,-0.57,0.53,6.39,6.40,6.47
2673.90,7.40,0.81,7.40,0.81,-0.83,-0.71,0.47,6.58,6.57,6.59
2700.64,7.78,1.07,7.78,1.06,-1.00,-0.82,0.41,6.78,6.78,6.71
2727.65,8.14,1.25,8.13,1.25,-1.14,-0.93,0.36,7.00,6.99,6.89
2754.93,8.44,1.37,8.44,1.35,-1.24,-1.02,0.30,7.20,7.20,7.07
2782.48,8.70,1.36,8.71,1.36,-1.30,-1.09,0.25,7.41,7.41,7.34
2810.30,8.93,1.29,8.93,1.32,-1.30,-1.15,0.19,7.63,7.63,7.64
2838.40,9.13,1.25,9.13,1.25,-1.27,-1.20,0.13,7.86,7.86,7.88
2866.79,9.29,1.17,9.31,1.18,-1.22,-1.23,0.08,8.07,8.09,8.12
2895.46,9.48,1.12,9.48,1.09,-1.15,-1.24,0.02,8.33,8.32,8.36
2924.41,9.64,1.00,9.65,1.03,-1.09,-1.24,-0.03,8.55,8.56,8.64
2953.65,9.82,0.96,9.83,0.99,-1.03,-1.23,-0.09,8.79,8.79,8.86
2983.19,9.99,0.99,9.98,0.97,-0.98,-1.20,-0.15,9.01,9.00,9.00
3013.02,10.11,0.96,10.12,0.95,-0.93,-1.16,-0.20,9.19,9.19,9.15
3043.15,10.22,0.89,10.24,0.90,-0.87,-1.09,-0.26,9.36,9.37,9.33
3073.58,10.34,0.83,10.34,0.83,-0.79,-1.02,-0.31,9.55,9.55,9.51
3104.32,10.41,0.72,10.41,0.74,-0.70,-0.92,-0.37,9.72,9.71,9.69
3135.36,10.43,0.64,10.43,0.63,-0.59,-0.81,-0.42,9.84,9.84,9.79
3166.72,10.40,0.50,10.39,0.49,-0.47,-0.68,-0.48,9.93,9.92,9.90
3198.38,10.32,0.34,10.32,0.34,-0.36,-0.54,-0.53,9.97,9.97,9.98
3230.37,10.23,0.17,10.26,0.19,-0.24,-0.38,-0.58,10.00,10.02,10.06
3262.67,10.21,0.06,10.21,0.07,-0.13,-0.21,-0.64,10.08,10.08,10.15
3295.30,10.21,0.00,10.22,-0.00,-0.03,-0.04,-0.69,10.18,10.18,10.21
3328.25,10.23,-0.07,10.25,-0.04,0.05,0.12,-0.74,10.28,10.30,10.30
3361.53,10.29,-0.07,10.27,-0.09,0.12,0.28,-0.79,10.41,10.39,10.36
3395.15,10.30,-0.14,10.28,-0.16,0.19,0.41,-0.84,10.50,10.48,10.44
3429.10,10.25,-0.25,10.29,-0.22,0.27,0.50,-0.89,10.53,10.56,10.50
3463.39,10.28,-0.29,10.29,-0.28,0.34,0.54,-0.94,10.63,10.63,10.57
3498.03,10.30,-0.32,10.29,-0.33,0.39,0.54,-0.98,10.70,10.68,10.62
3533.01,10.27,-0.38,10.27,-0.38,0.42,0.48,-1.03,10.69,10.69,10.65
3568.34,10.22,-0.45,10.21,-0.47,0.40,0.37,-1.07,10.63,10.61,10.67
3604.02,10.12,-0.55,10.13,-0.54,0.34,0.22,-1.11,10.47,10.48,10.67
3640.06,10.05,-0.59,10.08,-0.56,0.23,0.04,-1.15,10.29,10.31,10.64
3676.46,10.04,-0.52,10.05,-0.50,0.08,-0.16,-1.19,10.12,10.12,10.56
3713.22,10.04,-0.35,10.03,-0.36,-0.12,-0.37,-1.22,9.92,9.91,10.39
3750.36,10.00,-0.18,10.00,-0.19,-0.33,-0.58,-1.25,9.67,9.67,10.18
3787.86,9.93,0.00,9.92,-0.02,-0.57,-0.80,-1.28,9.36,9.35,9.93
3825.74,9.83,0.17,9.82,0.16,-0.86,-1.02,-1.30,8.97,8.96,9.66
3864.00,9.74,0.39,9.75,0.42,-1.19,-1.25,-1.33,8.55,8.56,9.35
3902.64,9.72,0.75,9.77,0.80,-1.54,-1.47,-1.34,8.18,8.23,8.97
3941.66,9.87,1.33,9.88,1.33,-1.91,-1.69,-1.36,7.96,7.96,8.54
3981.08,10.07,1.96,10.07,1.97,-2.30,-1.92,-1.37,7.78,7.78,8.11
4020.89,10.25,2.60,10.26,2.61,-2.66,-2.16,-1.38,7.59,7.60,7.65
4061.10,10.41,3.19,10.36,3.13,-2.98,-2.39,-1.38,7.43,7.38,7.22
4101.71,10.34,3.50,10.34,3.50,-3.23,-2.63,-1.38,7.12,7.11,6.84
4142.73,10.18,3.65,10.19,3.67,-3.39,-2.86,-1.38,6.80,6.81,6.53
4184.15,9.97,3.67,9.97,3.66,-3.45,-3.08,-1.37,6.52,6.52,6.30
4226.00,9.72,3.54,9.73,3.53,-3.44,-3.27,-1.36,6.29,6.29,6.18
4268.26,9.51,3.31,9.50,3.30,-3.35,-3.42,-1.35,6.16,6.14,6.20
4310.94,9.33,3.02,9.35,3.04,-3.21,-3.51,-1.33,6.13,6.14,6.31
4354.05,9.30,2.79,9.36,2.83,-3.07,-3.52,-1.31,6.24,6.29,6.51
4397.59,9.51,2.71,9.53,2.71,-2.94,-3.47,-1.29,6.57,6.59,6.80
4441.56,9.86,2.69,9.84,2.70,-2.82,-3.34,-1.27,7.05,7.02,7.17
4485.98,10.20,2.72,10.23,2.74,-2.69,-3.15,-1.24,7.51,7.54,7.48
4530.84,10.54,2.76,10.55,2.74,-2.55,-2.92,-1.21,7.99,8.00,7.78
4576.15,10.77,2.68,10.70,2.65,-2.40,-2.66,-1.18,8.38,8.30,8.09
4621.91,10.65,2.44,10.63,2.42,-2.23,-2.38,-1.15,8.42,8.40,8.21
4668.13,10.34,2.07,10.36,2.07,-2.06,-2.10,-1.12,8.28,8.29,8.27
4714.81,9.94,1.68,9.96,1.70,-1.87,-1.82,-1.09,8.08,8.09,8.26
4761.96,9.55,1.38,9.58,1.40,-1.66,-1.55,-1.05,7.90,7.92,8.17
4809.58,9.22,1.20,9.26,1.26,-1.44,-1.29,-1.02,7.78,7.82,8.02
4857.67,8.99,1.21,9.00,1.22,-1.23,-1.04,-0.98,7.76,7.77,7.78
4906.25,8.75,1.24,8.73,1.17,-1.04,-0.79,-0.94,7.72,7.69,7.51
4955.31,8.39,1.03,8.37,1.01,-0.86,-0.55,-0.91,7.54,7.51,7.36
5004.87,7.91,0.69,7.88,0.67,-0.68,-0.32,-0.87,7.23,7.20,7.22
5054.91,7.32,0.21,7.35,0.23,-0.49,-0.09,-0.83,6.84,6.86,7.11
5105.46,6.79,-0.23,6.84,-0.18,-0.27,0.13,-0.80,6.53,6.58,7.02
5156.52,6.40,-0.53,6.43,-0.52,-0.01,0.35,-0.76,6.39,6.41,6.93
5208.08,6.05,-0.71,6.06,-0.66,0.26,0.57,-0.73,6.32,6.33,6.76
5260.16,5.70,-0.87,5.65,-0.78,0.54,0.79,-0.69,6.24,6.19,6.57
5312.77,5.12,-0.86,5.09,-1.16,0.80,1.00,-0.65,5.93,5.89,5.98
5365.89,4.40,-1.59,4.40,-1.61,1.06,1.21,-0.62,5.46,5.46,5.99
5419.55,3.56,-2.44,3.62,-2.09,1.32,1.40,-0.58,4.88,4.94,6.00
5473.75,2.84,-2.40,2.83,-2.53,1.60,1.59,-0.55,4.44,4.43,5.24
5528.49,2.07,-2.71,2.09,-2.74,1.90,1.76,-0.51,3.97,3.99,4.78
5583.77,1.35,-2.95,1.38,-2.88,2.19,1.91,-0.48,3.54,3.57,4.30
5639.61,0.72,-3.14,0.68,-3.18,2.44,2.04,-0.45,3.17,3.12,3.86
5696.00,0.00,-3.45,0.03,-3.50,2.65,2.13,-0.41,2.66,2.68,3.45
5752.96,-0.57,-3.85,-0.53,-3.79,2.80,2.20,-0.38,2.23,2.26,3.28
5810.49,-0.98,-4.07,-0.88,-3.94,2.87,2.23,-0.35,1.89,1.98,3.09
5868.60,-1.07,-3.95,-0.96,-3.87,2.86,2.23,-0.32,1.80,1.90,2.88
5927.28,-0.85,-3.63,-0.82,-3.67,2.78,2.20,-0.28,1.93,1.96,2.78
5986.56,-0.60,-3.38,-0.53,-3.40,2.63,2.13,-0.25,2.03,2.10,2.78
6046.42,-0.29,-3.30,-0.19,-3.12,2.41,2.04,-0.22,2.12,2.22,3.01
6106.89,0.04,-2.89,0.14,-2.81,2.14,1.93,-0.19,2.19,2.28,2.93
6167.96,0.35,-2.50,0.47,-2.42,1.85,1.80,-0.16,2.20,2.33,2.85
6229.64,0.66,-2.08,0.80,-1.97,1.55,1.66,-0.13,2.22,2.35,2.74
6291.93,0.98,-1.64,1.12,-1.54,1.28,1.51,-0.10,2.27,2.40,2.62
6354.85,1.26,-1.25,1.40,-1.14,1.03,1.36,-0.07,2.29,2.43,2.51
6418.40,1.52,-0.85,1.62,-0.79,0.76,1.21,-0.04,2.28,2.38,2.37
6482.58,1.65,-0.57,1.77,-0.51,0.48,1.07,-0.01,2.14,2.25,2.22
6547.41,1.76,-0.29,1.88,-0.26,0.21,0.93,0.02,1.97,2.08,2.05
6612.88,1.85,-0.07,1.98,-0.02,-0.06,0.79,0.05,1.80,1.93,1.92
6679.01,2.09,0.31,2.12,0.24,-0.29,0.66,0.07,1.81,1.83,1.78
6745.80,2.33,0.69,2.26,0.51,-0.48,0.55,0.10,1.86,1.78,1.64
6813.26,2.58,1.15,2.36,0.77,-0.62,0.44,0.13,1.96,1.73,1.43
6881.39,2.79,1.57,2.37,0.87,-0.72,0.33,0.15,2.07,1.65,1.22
6950.21,2.87,1.75,2.29,0.86,-0.77,0.24,0.18,2.11,1.52,1.12
7019.71,2.81,1.55,2.15,0.76,-0.77,0.16,0.21,2.05,1.38,1.26
7089.91,2.78,1.62,2.00,0.66,-0.73,0.08,0.23,2.06,1.27,1.16
7160.81,2.79,1.75,1.85,0.58,-0.65,0.02,0.25,2.14,1.19,1.04
7232.41,2.90,1.97,1.70,0.51,-0.55,-0.04,0.27,2.35,1.15,0.93
7304.74,2.98,2.13,1.55,0.44,-0.45,-0.09,0.30,2.53,1.10,0.85
7377.79,3.07,2.29,1.40,0.36,-0.36,-0.13,0.31,2.72,1.05,0.78
7451.56,3.13,2.41,1.25,0.28,-0.28,-0.16,0.33,2.86,0.97,0.72
7526.08,3.06,2.38,1.10,0.20,-0.21,-0.18,0.35,2.86,0.89,0.68
7601.34,2.96,2.31,0.94,0.13,-0.13,-0.19,0.36,2.83,0.81,0.65
7677.35,2.85,2.24,0.79,0.06,-0.06,-0.20,0.38,2.80,0.73,0.61
7754.13,2.72,2.17,0.63,-0.01,0.02,-0.19,0.39,2.74,0.65,0.55
7831.67,2.62,2.10,0.46,-0.09,0.09,-0.17,0.39,2.72,0.55,0.52
7909.98,2.54,2.08,0.28,-0.16,0.17,-0.13,0.40,2.72,0.45,0.46
7989.08,2.48,2.09,0.09,-0.24,0.25,-0.09,0.40,2.73,0.33,0.39
8068.98,2.41,2.05,-0.11,-0.32,0.32,-0.02,0.41,2.74,0.21,0.36
8149.67,2.25,1.99,-0.31,-0.39,0.40,0.05,0.41,2.65,0.09,0.26
8231.16,2.06,1.87,-0.51,-0.46,0.46,0.15,0.40,2.53,-0.05,0.19
8313.47,1.82,1.68,-0.71,-0.53,0.52,0.26,0.40,2.35,-0.19,0.14
8396.61,1.64,1.57,-0.89,-0.58,0.57,0.38,0.39,2.21,-0.33,0.07
8480.57,1.43,1.41,-1.07,-0.61,0.60,0.50,0.38,2.03,-0.47,0.02
8565.38,1.24,1.24,-1.22,-0.63,0.61,0.61,0.37,1.86,-0.61,0.00
8651.03,0.90,0.93,-1.36,-0.62,0.61,0.70,0.35,1.51,-0.75,-0.03
8737.54,0.37,0.39,-1.48,-0.60,0.59,0.75,0.34,0.96,-0.89,-0.02
8824.92,-0.33,-0.32,-1.58,-0.56,0.55,0.75,0.32,0.23,-1.03,-0.01
8913.17,-1.20,-1.21,-1.67,-0.50,0.50,0.69,0.30,-0.69,-1.17,0.01
9002.30,-2.05,-2.06,-1.75,-0.43,0.44,0.57,0.28,-1.60,-1.30,0.01
9092.32,-2.79,-2.81,-1.82,-0.36,0.38,0.43,0.26,-2.41,-1.44,0.02
9183.25,-3.38,-3.36,-1.90,-0.29,0.31,0.26,0.24,-3.07,-1.59,-0.02
9275.08,-3.83,-3.75,-1.98,-0.21,0.23,0.09,0.21,-3.60,-1.75,-0.08
9367.83,-4.33,-4.14,-2.06,-0.13,0.14,-0.08,0.19,-4.18,-1.92,-0.19
9461.51,-4.78,-4.40,-2.14,-0.05,0.03,-0.23,0.17,-4.74,-2.11,-0.38
9556.12,-5.27,-4.62,-2.21,0.05,-0.10,-0.37,0.14,-5.36,-2.31,-0.65
9651.68,-5.63,-4.62,-2.26,0.17,-0.24,-0.49,0.12,-5.86,-2.50,-1.01
9748.20,-5.68,-4.25,-2.29,0.32,-0.39,-0.60,0.09,-6.06,-2.68,-1.43
9845.68,-5.51,-3.52,-2.30,0.51,-0.53,-0.69,0.06,-6.04,-2.83,-1.99
9944.14,-5.29,-2.61,-2.28,0.71,-0.67,-0.78,0.04,-5.95,-2.95,-2.68
10043.58,-4.95,-1.55,-2.26,0.94,-0.79,-0.85,0.01,-5.74,-3.06,-3.40
10144.02,-4.44,-0.32,-2.36,0.97,-0.90,-0.91,-0.02,-5.34,-3.26,-4.12
10245.46,-3.72,1.12,-2.46,1.00,-0.99,-0.96,-0.05,-4.71,-3.45,-4.84
10347.91,-2.83,2.75,-2.56,1.03,-1.05,-1.01,-0.07,-3.88,-3.62,-5.58
10451.39,-1.90,4.43,-2.66,1.06,-1.10,-1.05,-0.10,-2.99,-3.76,-6.33
10555.91,-1.12,5.70,-2.76,1.10,-1.12,-1.09,-0.13,-2.24,-3.88,-6.82
10661.46,-0.54,6.72,-2.86,1.13,-1.14,-1.12,-0.16,-1.68,-4.00,-7.26
10768.08,-0.56,7.03,-2.96,1.16,-1.16,-1.15,-0.19,-1.71,-4.12,-7.59
10875.76,-1.19,6.58,-3.06,1.19,-1.19,-1.18,-0.22,-2.37,-4.25,-7.77
10984.52,-2.02,5.90,-3.16,1.22,-1.22,-1.21,-0.25,-3.23,-4.38,-7.92
11094.36,-3.03,4.66,-3.26,1.25,-1.25,-1.23,-0.28,-4.27,-4.51,-7.69
11205.31,-4.17,3.12,-3.36,1.28,-1.28,-1.25,-0.31,-5.44,-4.64,-7.29
11317.36,-5.12,1.80,-3.46,1.31,-1.31,-1.27,-0.34,-6.42,-4.77,-6.92
11430.53,-5.84,0.48,-3.56,1.34,-1.34,-1.28,-0.37,-7.17,-4.90,-6.32
11544.84,-6.35,-0.67,-3.66,1.36,-1.36,-1.30,-0.41,-7.71,-5.03,-5.68
11660.29,-5.94,-0.89,-3.77,1.39,-1.39,-1.31,-0.44,-7.33,-5.16,-5.05
11776.89,-5.03,-0.64,-3.87,1.42,-1.42,-1.33,-0.48,-6.45,-5.29,-4.39
11894.66,-3.82,0.02,-3.97,1.45,-1.45,-1.34,-0.52,-5.26,-5.42,-3.84
12013.60,-2.41,0.81,-4.07,1.47,-1.47,-1.35,-0.56,-3.88,-5.55,-3.22
12133.74,-1.16,1.59,-4.17,1.50,-1.50,-1.36,-0.60,-2.66,-5.67,-2.75
12255.08,-0.24,2.10,-4.28,1.53,-1.53,-1.37,-0.64,-1.76,-5.80,-2.34
12377.63,0.31,2.27,-4.38,1.55,-1.55,-1.38,-0.69,-1.24,-5.93,-1.96
12501.41,0.12,1.97,-4.48,1.58,-1.58,-1.39,-0.74,-1.46,-6.06,-1.85
12626.42,-0.49,1.34,-4.58,1.61,-1.61,-1.40,-0.79,-2.09,-6.19,-1.83
12752.68,-1.54,0.47,-4.69,1.63,-1.63,-1.40,-0.85,-3.17,-6.32,-2.01
12880.21,-2.99,-0.57,-4.79,1.66,-1.66,-1.41,-0.90,-4.64,-6.45,-2.42
13009.01,-4.64,-1.76,-4.89,1.68,-1.68,-1.42,-0.97,-6.32,-6.57,-2.88
13139.10,-6.29,-2.76,-4.99,1.71,-1.71,-1.42,-1.03,-7.99,-6.70,-3.53
13270.49,-7.59,-3.35,-5.10,1.73,-1.73,-1.43,-1.11,-9.32,-6.83,-4.24
13403.20,-8.70,-3.84,-5.20,1.76,-1.76,-1.44,-1.18,-10.45,-6.96,-4.86
13537.23,-9.26,-3.67,-5.30,1.78,-1.78,-1.44,-1.27,-11.03,-7.08,-5.59
13672.60,-9.53,-3.32,-5.41,1.80,-1.80,-1.45,-1.35,-11.33,-7.21,-6.21
13809.33,-9.62,-2.72,-5.51,1.83,-1.83,-1.45,-1.45,-11.44,-7.34,-6.90
13947.42,-9.43,-1.76,-5.62,1.85,-1.85,-1.46,-1.55,-11.27,-7.46,-7.67
14086.90,-9.23,-1.03,-5.72,1.87,-1.87,-1.46,-1.67,-11.10,-7.59,-8.20
14227.77,-8.99,-0.25,-5.83,1.89,-1.89,-1.46,-1.78,-10.88,-7.72,-8.74
14370.04,-9.04,0.22,-5.93,1.91,-1.91,-1.47,-1.91,-10.95,-7.84,-9.26
14513.74,-9.53,0.17,-6.04,1.94,-1.94,-1.47,-2.05,-11.46,-7.97,-9.70
14658.88,-10.08,0.00,-6.14,1.96,-1.96,-1.48,-2.19,-12.03,-8.10,-10.08
14805.47,-10.69,-0.23,-6.25,1.98,-1.98,-1.48,-2.34,-12.66,-8.22,-10.46
14953.52,-11.16,-0.42,-6.35,2.00,-2.00,-1.48,-2.49,-13.15,-8.35,-10.74
15103.06,-11.08,-0.09,-6.46,2.02,-2.02,-1.48,-2.64,-13.09,-8.47,-10.99
15254.09,-10.33,0.78,-6.56,2.04,-2.04,-1.49,-2.79,-12.36,-8.60,-11.11
15406.63,-9.30,1.88,-6.67,2.06,-2.06,-1.49,-2.93,-11.35,-8.73,-11.18
15560.70,-7.81,3.49,-6.77,2.08,-2.08,-1.49,-3.05,-9.88,-8.85,-11.30
15716.30,-6.12,5.24,-6.88,2.10,-2.10,-1.50,-3.14,-8.21,-8.98,-11.36
15873.47,-4.52,6.94,-6.99,2.12,-2.12,-1.50,-3.20,-6.63,-9.10,-11.46
16032.20,-3.01,8.61,-7.09,2.13,-2.13,-1.50,-3.22,-5.14,-9.23,-11.62
16192.52,-1.87,9.90,-7.20,2.15,-2.15,-1.50,-3.19,-4.02,-9.35,-11.77
16354.45,-1.15,10.83,-7.31,2.17,-2.17,-1.50,-3.10,-3.32,-9.48,-11.98
16517.99,-0.88,11.35,-7.41,2.19,-2.19,-1.51,-2.98,-3.06,-9.60,-12.23
16683.17,-1.40,11.11,-7.52,2.20,-2.20,-1.51,-2.81,-3.60,-9.72,-12.51
16850.01,-2.19,10.58,-7.63,2.22,-2.22,-1.51,-2.61,-4.41,-9.85,-12.77
17018.51,-3.34,9.68,-7.73,2.24,-2.24,-1.51,-2.40,-5.57,-9.97,-13.02
17188.69,-4.75,8.48,-7.84,2.25,-2.25,-1.51,-2.17,-7.00,-10.10,-13.23
17360.58,-6.14,7.12,-7.95,2.27,-2.27,-1.52,-1.95,-8.41,-10.22,-13.26
17534.18,-7.26,5.91,-8.06,2.29,-2.29,-1.52,-1.73,-9.54,-10.34,-13.17
17709.53,-8.05,4.89,-8.16,2.30,-2.30,-1.52,-1.53,-10.35,-10.47,-12.94
17886.62,-8.19,4.36,-8.27,2.32,-2.32,-1.52,-1.34,-10.50,-10.59,-12.55
18065.49,-7.71,4.35,-8.38,2.33,-2.33,-1.52,-1.17,-10.04,-10.71,-12.06
18246.14,-7.13,4.41,-8.49,2.35,-2.35,-1.52,-1.01,-9.47,-10.84,-11.54
18428.60,-6.51,4.46,-8.60,2.36,-2.36,-1.52,-0.87,-8.87,-10.96,-10.97
18612.89,-6.03,4.27,-8.71,2.37,-2.37,-1.52,-0.74,-8.40,-11.08,-10.30
18799.02,-6.14,3.63,-8.82,2.39,-2.39,-1.52,-0.63,-8.52,-11.20,-9.77
18987.01,-7.04,2.21,-8.92,2.40,-2.40,-1.52,-0.54,-9.44,-11.33,-9.25
19176.88,-8.56,0.10,-9.03,2.41,-2.41,-1.52,-0.45,-10.97,-11.45,-8.66
19368.65,-10.88,-3.01,-9.14,2.43,-2.43,-1.52,-0.38,-13.30,-11.57,-7.87
19562.33,-13.13,-6.22,-9.25,2.44,-2.44,-1.52,-0.31,-15.56,-11.69,-6.91
19757.96,-15.18,-9.31,-9.36,2.45,-2.45,-1.52,-0.25,-17.63,-11.81,-5.87
19955.54,-16.85,-11.98,-9.47,2.46,-2.46,-1.52,-0.21,-19.31,-11.93,-4.87
