frequency,raw,error,smoothed,error_smoothed,equalization,parametric_eq,equalized_raw,equalized_smoothed,target
20.00,3.61,2.06,3.62,2.07,-2.07,-0.90,1.54,1.55,1.55
20.20,3.64,2.09,3.65,2.09,-2.09,-0.93,1.55,1.56,1.56
20.40,3.67,2.11,3.67,2.11,-2.11,-0.96,1.56,1.56,1.56
20.61,3.71,2.14,3.70,2.13,-2.13,-0.99,1.59,1.57,1.57
20.81,3.72,2.15,3.72,2.14,-2.14,-1.02,1.58,1.57,1.57
21.02,3.73,2.15,3.74,2.16,-2.16,-1.05,1.57,1.58,1.58
21.23,3.75,2.17,3.76,2.17,-2.17,-1.08,1.58,1.59,1.59
21.44,3.77,2.18,3.78,2.19,-2.19,-1.11,1.59,1.59,1.59
21.66,3.79,2.20,3.79,2.20,-2.20,-1.15,1.60,1.60,1.60
21.87,3.81,2.21,3.81,2.21,-2.21,-1.18,1.61,1.60,1.60
22.09,3.81,2.21,3.82,2.22,-2.22,-1.22,1.60,1.61,1.61
22.31,3.82,2.21,3.84,2.22,-2.22,-1.25,1.60,1.61,1.61
22.54,3.85,2.24,3.85,2.23,-2.23,-1.29,1.62,1.62,1.62
22.76,3.86,2.24,3.85,2.23,-2.23,-1.33,1.63,1.62,1.62
22.99,3.86,2.23,3.86,2.24,-2.24,-1.37,1.63,1.63,1.63
23.22,3.87,2.24,3.87,2.24,-2.24,-1.41,1.64,1.63,1.63
23.45,3.89,2.26,3.87,2.24,-2.24,-1.45,1.66,1.64,1.64
23.69,3.88,2.24,3.88,2.24,-2.24,-1.49,1.65,1.64,1.64
23.92,3.87,2.23,3.88,2.23,-2.23,-1.54,1.64,1.64,1.65
24.16,3.87,2.22,3.88,2.23,-2.23,-1.58,1.64,1.65,1.65
24.40,3.87,2.22,3.88,2.23,-2.23,-1.62,1.64,1.65,1.66
24.65,3.87,2.21,3.89,2.23,-2.23,-1.67,1.64,1.66,1.66
24.89,3.88,2.22,3.89,2.23,-2.23,-1.71,1.66,1.66,1.67
25.14,3.88,2.21,3.89,2.22,-2.22,-1.76,1.66,1.67,1.67
25.39,3.89,2.21,3.90,2.22,-2.22,-1.81,1.67,1.68,1.68
25.65,3.89,2.21,3.90,2.21,-2.21,-1.85,1.68,1.68,1.68
25.91,3.89,2.20,3.90,2.21,-2.21,-1.90,1.68,1.69,1.69
26.16,3.89,2.20,3.90,2.20,-2.20,-1.95,1.69,1.69,1.70
26.43,3.90,2.20,3.89,2.19,-2.19,-1.99,1.71,1.70,1.70
26.69,3.91,2.21,3.89,2.19,-2.19,-2.04,1.73,1.71,1.71
26.96,3.91,2.20,3.89,2.18,-2.18,-2.08,1.74,1.71,1.71
27.23,3.91,2.19,3.88,2.17,-2.17,-2.13,1.75,1.72,1.72
27.50,3.88,2.16,3.88,2.15,-2.15,-2.17,1.73,1.72,1.73
27.77,3.85,2.12,3.87,2.14,-2.14,-2.21,1.71,1.73,1.73
28.05,3.84,2.10,3.86,2.13,-2.13,-2.25,1.71,1.73,1.74
28.33,3.83,2.09,3.86,2.12,-2.12,-2.29,1.72,1.74,1.74
28.62,3.84,2.10,3.85,2.11,-2.11,-2.33,1.74,1.74,1.75
28.90,3.84,2.09,3.84,2.10,-2.10,-2.36,1.75,1.74,1.75
29.19,3.83,2.08,3.84,2.09,-2.09,-2.39,1.74,1.75,1.76
29.48,3.83,2.08,3.83,2.08,-2.08,-2.42,1.75,1.75,1.76
29.78,3.83,2.07,3.83,2.08,-2.08,-2.45,1.76,1.75,1.76
30.08,3.82,2.06,3.83,2.08,-2.08,-2.47,1.75,1.75,1.76
30.38,3.82,2.06,3.83,2.07,-2.07,-2.49,1.75,1.76,1.76
30.68,3.82,2.06,3.83,2.07,-2.07,-2.51,1.75,1.76,1.76
30.99,3.82,2.06,3.84,2.07,-2.07,-2.53,1.75,1.76,1.77
31.30,3.83,2.07,3.84,2.07,-2.07,-2.54,1.77,1.77,1.77
31.61,3.85,2.09,3.83,2.07,-2.07,-2.54,1.79,1.77,1.77
31.93,3.84,2.07,3.83,2.06,-2.06,-2.55,1.78,1.77,1.77
32.24,3.83,2.06,3.83,2.06,-2.06,-2.55,1.78,1.77,1.77
32.57,3.82,2.05,3.82,2.05,-2.05,-2.55,1.78,1.78,1.77
32.89,3.82,2.05,3.82,2.04,-2.04,-2.54,1.79,1.78,1.78
33.22,3.82,2.04,3.81,2.03,-2.03,-2.53,1.80,1.78,1.78
33.55,3.81,2.02,3.80,2.01,-2.01,-2.52,1.80,1.79,1.79
33.89,3.78,1.99,3.79,2.00,-2.00,-2.51,1.79,1.80,1.80
34.23,3.77,1.97,3.78,1.98,-1.98,-2.49,1.80,1.80,1.80
34.57,3.76,1.95,3.77,1.96,-1.96,-2.48,1.81,1.81,1.81
34.92,3.74,1.92,3.76,1.93,-1.93,-2.46,1.81,1.82,1.82
35.27,3.73,1.90,3.74,1.91,-1.91,-2.44,1.82,1.83,1.83
35.62,3.72,1.88,3.73,1.89,-1.89,-2.41,1.84,1.84,1.84
35.97,3.72,1.87,3.71,1.86,-1.86,-2.39,1.86,1.85,1.85
36.33,3.70,1.84,3.70,1.84,-1.84,-2.37,1.87,1.86,1.86
36.70,3.68,1.81,3.68,1.81,-1.81,-2.34,1.87,1.87,1.87
37.06,3.67,1.79,3.67,1.79,-1.79,-2.32,1.89,1.88,1.88
37.43,3.66,1.77,3.65,1.76,-1.76,-2.29,1.90,1.89,1.89
37.81,3.64,1.74,3.64,1.74,-1.74,-2.27,1.91,1.90,1.90
38.19,3.62,1.71,3.62,1.72,-1.72,-2.24,1.91,1.91,1.91
38.57,3.60,1.69,3.61,1.70,-1.70,-2.22,1.91,1.91,1.92
38.95,3.59,1.67,3.60,1.68,-1.68,-2.19,1.92,1.92,1.92
39.34,3.58,1.65,3.59,1.66,-1.66,-2.17,1.92,1.93,1.93
39.74,3.56,1.63,3.58,1.64,-1.64,-2.15,1.92,1.93,1.94
40.14,3.55,1.61,3.57,1.63,-1.63,-2.12,1.92,1.94,1.94
40.54,3.55,1.61,3.57,1.62,-1.62,-2.10,1.93,1.94,1.95
40.94,3.56,1.61,3.56,1.62,-1.62,-2.08,1.95,1.95,1.95
41.35,3.56,1.61,3.56,1.61,-1.61,-2.07,1.95,1.95,1.95
41.76,3.57,1.62,3.56,1.61,-1.61,-2.05,1.96,1.95,1.95
42.18,3.58,1.63,3.57,1.61,-1.61,-2.03,1.97,1.96,1.96
42.60,3.59,1.64,3.58,1.62,-1.62,-2.02,1.97,1.96,1.96
43.03,3.59,1.64,3.59,1.63,-1.63,-2.00,1.96,1.96,1.96
43.46,3.59,1.64,3.60,1.65,-1.65,-1.99,1.95,1.95,1.96
43.90,3.62,1.67,3.62,1.67,-1.67,-1.98,1.95,1.95,1.96
44.33,3.63,1.68,3.64,1.69,-1.69,-1.97,1.94,1.95,1.95
44.78,3.65,1.70,3.67,1.73,-1.73,-1.97,1.93,1.94,1.95
45.23,3.69,1.74,3.70,1.76,-1.76,-1.96,1.93,1.94,1.95
45.68,3.74,1.80,3.74,1.81,-1.81,-1.96,1.94,1.93,1.95
46.13,3.78,1.84,3.78,1.86,-1.86,-1.95,1.93,1.93,1.95
46.60,3.80,1.86,3.84,1.91,-1.91,-1.95,1.89,1.93,1.94
47.06,3.85,1.92,3.89,1.97,-1.97,-1.95,1.88,1.92,1.94
47.53,3.91,1.98,3.95,2.03,-2.03,-1.95,1.88,1.92,1.94
48.01,3.98,2.05,4.02,2.10,-2.10,-1.95,1.89,1.92,1.93
48.49,4.06,2.13,4.08,2.16,-2.16,-1.96,1.90,1.92,1.93
48.97,4.15,2.23,4.14,2.22,-2.22,-1.96,1.93,1.92,1.93
49.46,4.23,2.31,4.21,2.28,-2.28,-1.97,1.95,1.92,1.93
49.96,4.30,2.38,4.26,2.34,-2.34,-1.98,1.96,1.92,1.93
50.46,4.35,2.43,4.31,2.39,-2.39,-1.99,1.96,1.92,1.93
50.96,4.39,2.46,4.36,2.43,-2.43,-2.00,1.96,1.93,1.93
51.47,4.42,2.49,4.40,2.47,-2.47,-2.01,1.96,1.93,1.93
51.99,4.44,2.51,4.43,2.49,-2.49,-2.02,1.95,1.94,1.93
52.51,4.45,2.52,4.45,2.51,-2.51,-2.04,1.95,1.94,1.94
53.03,4.45,2.51,4.46,2.51,-2.51,-2.05,1.94,1.95,1.94
53.56,4.45,2.51,4.46,2.51,-2.51,-2.07,1.94,1.95,1.95
54.10,4.45,2.50,4.45,2.50,-2.50,-2.08,1.95,1.95,1.95
54.64,4.44,2.49,4.44,2.48,-2.48,-2.10,1.96,1.96,1.96
55.18,4.43,2.47,4.41,2.45,-2.45,-2.11,1.98,1.96,1.96
55.74,4.40,2.44,4.38,2.42,-2.42,-2.13,1.98,1.97,1.97
56.29,4.35,2.38,4.35,2.38,-2.38,-2.15,1.97,1.97,1.97
56.86,4.31,2.34,4.31,2.34,-2.34,-2.17,1.97,1.97,1.98
57.42,4.27,2.29,4.27,2.30,-2.30,-2.18,1.97,1.97,1.98
58.00,4.23,2.25,4.24,2.26,-2.26,-2.20,1.97,1.97,1.98
58.58,4.19,2.21,4.20,2.22,-2.22,-2.22,1.97,1.98,1.98
59.16,4.15,2.17,4.16,2.18,-2.18,-2.24,1.97,1.98,1.99
59.76,4.12,2.14,4.12,2.14,-2.14,-2.26,1.98,1.98,1.99
60.35,4.06,2.08,4.08,2.11,-2.11,-2.27,1.96,1.98,1.99
60.96,4.01,2.03,4.05,2.08,-2.08,-2.29,1.94,1.97,1.98
61.57,3.99,2.01,4.02,2.05,-2.05,-2.31,1.94,1.97,1.98
62.18,3.98,2.01,4.00,2.03,-2.03,-2.32,1.95,1.97,1.98
62.80,3.98,2.01,3.98,2.02,-2.02,-2.34,1.97,1.96,1.97
63.43,3.97,2.01,3.97,2.01,-2.01,-2.36,1.97,1.96,1.97
64.07,3.96,2.01,3.95,2.00,-2.00,-2.37,1.96,1.95,1.96
64.71,3.95,2.00,3.95,2.00,-2.00,-2.39,1.95,1.95,1.95
65.35,3.93,1.99,3.94,2.01,-2.01,-2.40,1.93,1.94,1.94
66.01,3.93,2.00,3.94,2.02,-2.02,-2.42,1.92,1.93,1.93
66.67,3.93,2.02,3.95,2.03,-2.03,-2.44,1.91,1.92,1.92
67.33,3.95,2.05,3.95,2.04,-2.04,-2.45,1.91,1.91,1.90
68.01,3.97,2.08,3.96,2.06,-2.06,-2.47,1.91,1.90,1.89
68.69,3.98,2.11,3.96,2.08,-2.08,-2.48,1.90,1.88,1.88
69.37,3.98,2.12,3.97,2.11,-2.11,-2.50,1.88,1.86,1.86
70.07,3.98,2.14,3.98,2.13,-2.13,-2.52,1.85,1.84,1.84
70.77,3.98,2.16,3.99,2.16,-2.16,-2.54,1.82,1.82,1.83
71.48,4.00,2.20,4.00,2.20,-2.20,-2.55,1.81,1.81,1.81
72.19,4.02,2.23,4.02,2.23,-2.23,-2.57,1.79,1.79,1.79
72.91,4.04,2.27,4.04,2.28,-2.28,-2.59,1.77,1.77,1.77
73.64,4.06,2.31,4.07,2.32,-2.32,-2.62,1.74,1.74,1.75
74.38,4.08,2.36,4.09,2.38,-2.38,-2.64,1.71,1.72,1.73
75.12,4.10,2.40,4.12,2.43,-2.43,-2.66,1.67,1.69,1.70
75.87,4.12,2.45,4.16,2.50,-2.50,-2.69,1.63,1.66,1.68
76.63,4.18,2.54,4.20,2.57,-2.57,-2.72,1.62,1.64,1.65
77.40,4.25,2.64,4.25,2.64,-2.64,-2.75,1.61,1.61,1.62
78.17,4.30,2.72,4.30,2.72,-2.72,-2.78,1.58,1.58,1.59
78.95,4.36,2.81,4.35,2.81,-2.81,-2.81,1.55,1.54,1.55
79.74,4.40,2.89,4.41,2.90,-2.90,-2.85,1.50,1.51,1.51
80.54,4.45,2.98,4.46,3.00,-3.00,-2.88,1.46,1.46,1.47
81.35,4.51,3.08,4.52,3.09,-3.09,-2.92,1.42,1.42,1.43
82.16,4.57,3.19,4.57,3.19,-3.19,-2.97,1.38,1.38,1.39
82.98,4.64,3.31,4.62,3.29,-3.29,-3.01,1.35,1.33,1.34
83.81,4.70,3.42,4.68,3.40,-3.40,-3.06,1.31,1.28,1.28
84.65,4.74,3.51,4.73,3.50,-3.50,-3.10,1.25,1.23,1.23
85.50,4.78,3.61,4.77,3.60,-3.60,-3.16,1.19,1.18,1.18
86.35,4.82,3.70,4.82,3.70,-3.70,-3.21,1.13,1.12,1.12
87.22,4.85,3.79,4.86,3.80,-3.80,-3.27,1.06,1.07,1.07
88.09,4.88,3.87,4.91,3.89,-3.89,-3.32,0.99,1.01,1.01
88.97,4.93,3.98,4.95,3.98,-3.98,-3.39,0.95,0.96,0.96
89.86,4.98,4.08,4.99,4.08,-4.08,-3.45,0.91,0.91,0.91
90.76,5.02,4.17,5.02,4.16,-4.16,-3.52,0.86,0.86,0.86
91.66,5.06,4.26,5.06,4.25,-4.25,-3.59,0.82,0.81,0.81
92.58,5.09,4.33,5.09,4.33,-4.33,-3.66,0.76,0.77,0.76
93.51,5.12,4.41,5.13,4.41,-4.41,-3.73,0.72,0.72,0.72
94.44,5.16,4.49,5.16,4.48,-4.48,-3.81,0.68,0.67,0.67
95.39,5.19,4.56,5.19,4.56,-4.56,-3.89,0.64,0.63,0.63
96.34,5.21,4.62,5.22,4.63,-4.63,-3.97,0.59,0.59,0.59
97.30,5.24,4.69,5.24,4.69,-4.69,-4.05,0.55,0.55,0.56
98.28,5.27,4.75,5.27,4.75,-4.75,-4.13,0.52,0.51,0.52
99.26,5.29,4.81,5.29,4.81,-4.81,-4.22,0.48,0.47,0.48
100.25,5.30,4.86,5.30,4.87,-4.87,-4.31,0.43,0.43,0.45
101.25,5.31,4.90,5.32,4.92,-4.92,-4.39,0.39,0.40,0.41
102.27,5.31,4.94,5.33,4.97,-4.97,-4.48,0.34,0.37,0.37
103.29,5.32,4.99,5.34,5.01,-5.01,-4.57,0.31,0.33,0.34
104.32,5.35,5.05,5.35,5.05,-5.05,-4.66,0.30,0.30,0.30
105.37,5.35,5.09,5.35,5.08,-5.08,-4.75,0.27,0.27,0.27
106.42,5.36,5.13,5.35,5.11,-5.11,-4.84,0.25,0.23,0.24
107.48,5.36,5.16,5.34,5.13,-5.13,-4.93,0.23,0.21,0.21
108.56,5.35,5.17,5.33,5.15,-5.15,-5.02,0.20,0.18,0.18
109.64,5.33,5.18,5.32,5.16,-5.16,-5.10,0.17,0.16,0.16
110.74,5.31,5.18,5.31,5.17,-5.17,-5.19,0.15,0.14,0.14
111.85,5.29,5.17,5.30,5.17,-5.17,-5.27,0.13,0.13,0.12
112.97,5.26,5.16,5.28,5.16,-5.16,-5.34,0.10,0.11,0.11
114.10,5.22,5.13,5.25,5.15,-5.15,-5.41,0.07,0.10,0.09
115.24,5.19,5.11,5.22,5.14,-5.14,-5.48,0.06,0.08,0.08
116.39,5.18,5.11,5.19,5.12,-5.12,-5.54,0.07,0.07,0.07
117.55,5.17,5.11,5.16,5.10,-5.10,-5.60,0.08,0.06,0.07
118.73,5.17,5.11,5.12,5.07,-5.07,-5.65,0.10,0.05,0.06
119.92,5.13,5.08,5.09,5.05,-5.05,-5.69,0.08,0.04,0.06
121.12,5.08,5.03,5.06,5.03,-5.03,-5.73,0.06,0.04,0.05
122.33,5.02,4.98,5.04,5.01,-5.01,-5.75,0.02,0.03,0.05
123.55,4.97,4.93,5.01,4.99,-4.99,-5.77,-0.01,0.03,0.04
124.79,4.94,4.91,4.99,4.97,-4.97,-5.79,-0.02,0.03,0.04
126.03,4.93,4.90,4.97,4.95,-4.95,-5.79,-0.02,0.02,0.03
127.29,4.93,4.91,4.96,4.94,-4.94,-5.79,-0.01,0.02,0.03
128.57,4.93,4.91,4.94,4.93,-4.93,-5.78,0.00,0.01,0.02
129.85,4.93,4.92,4.93,4.92,-4.92,-5.76,0.01,0.01,0.02
131.15,4.93,4.92,4.92,4.92,-4.92,-5.74,0.02,0.00,0.01
132.46,4.93,4.93,4.92,4.92,-4.92,-5.70,0.02,-0.00,0.01
133.79,4.93,4.93,4.91,4.92,-4.92,-5.67,0.02,-0.00,0.00
135.12,4.93,4.93,4.91,4.92,-4.92,-5.62,0.01,-0.01,-0.00
136.48,4.91,4.92,4.92,4.93,-4.93,-5.57,-0.01,-0.01,-0.01
137.84,4.89,4.91,4.92,4.93,-4.93,-5.52,-0.04,-0.01,-0.01
139.22,4.90,4.92,4.92,4.94,-4.94,-5.46,-0.04,-0.02,-0.02
140.61,4.91,4.94,4.92,4.95,-4.95,-5.40,-0.03,-0.03,-0.03
142.02,4.92,4.96,4.92,4.96,-4.96,-5.33,-0.03,-0.04,-0.04
143.44,4.92,4.97,4.91,4.97,-4.97,-5.26,-0.04,-0.05,-0.05
144.87,4.90,4.96,4.91,4.97,-4.97,-5.19,-0.07,-0.07,-0.06
146.32,4.88,4.96,4.90,4.98,-4.98,-5.12,-0.10,-0.08,-0.07
147.78,4.88,4.97,4.89,4.99,-4.99,-5.05,-0.10,-0.09,-0.09
149.26,4.88,4.99,4.88,4.99,-4.99,-4.98,-0.11,-0.11,-0.10
150.75,4.88,5.00,4.87,4.99,-4.99,-4.91,-0.10,-0.12,-0.12
152.26,4.86,5.00,4.85,4.98,-4.98,-4.84,-0.12,-0.14,-0.14
153.78,4.83,4.99,4.82,4.97,-4.97,-4.77,-0.14,-0.15,-0.16
155.32,4.80,4.98,4.79,4.96,-4.96,-4.70,-0.16,-0.17,-0.17
156.88,4.78,4.98,4.75,4.95,-4.95,-4.63,-0.16,-0.19,-0.19
158.44,4.73,4.94,4.71,4.92,-4.92,-4.56,-0.19,-0.21,-0.21
160.03,4.68,4.91,4.67,4.90,-4.90,-4.50,-0.22,-0.23,-0.23
161.63,4.63,4.88,4.63,4.87,-4.87,-4.44,-0.24,-0.24,-0.24
163.24,4.58,4.84,4.58,4.84,-4.84,-4.38,-0.26,-0.26,-0.26
164.88,4.52,4.79,4.54,4.81,-4.81,-4.32,-0.29,-0.27,-0.27
166.53,4.47,4.75,4.49,4.78,-4.78,-4.27,-0.30,-0.28,-0.28
168.19,4.43,4.72,4.45,4.75,-4.75,-4.22,-0.31,-0.29,-0.29
169.87,4.39,4.69,4.42,4.71,-4.71,-4.17,-0.32,-0.30,-0.29
171.57,4.37,4.67,4.38,4.68,-4.68,-4.12,-0.31,-0.30,-0.30
173.29,4.34,4.64,4.35,4.65,-4.65,-4.08,-0.31,-0.30,-0.30
175.02,4.30,4.60,4.33,4.62,-4.62,-4.04,-0.32,-0.30,-0.29
176.77,4.29,4.58,4.30,4.60,-4.60,-4.01,-0.31,-0.30,-0.29
178.54,4.28,4.57,4.29,4.58,-4.58,-3.97,-0.29,-0.29,-0.29
180.32,4.28,4.56,4.27,4.56,-4.56,-3.94,-0.27,-0.28,-0.28
182.13,4.28,4.56,4.26,4.54,-4.54,-3.92,-0.25,-0.27,-0.27
183.95,4.26,4.53,4.26,4.52,-4.52,-3.89,-0.26,-0.26,-0.26
185.79,4.25,4.51,4.25,4.51,-4.51,-3.87,-0.25,-0.26,-0.26
187.65,4.24,4.49,4.24,4.49,-4.49,-3.85,-0.25,-0.25,-0.25
189.52,4.23,4.47,4.24,4.48,-4.48,-3.84,-0.25,-0.24,-0.24
191.42,4.23,4.46,4.23,4.47,-4.47,-3.83,-0.24,-0.24,-0.23
193.33,4.23,4.46,4.23,4.46,-4.46,-3.82,-0.23,-0.23,-0.22
195.27,4.23,4.45,4.23,4.46,-4.46,-3.81,-0.22,-0.22,-0.22
197.22,4.24,4.45,4.23,4.45,-4.45,-3.81,-0.21,-0.22,-0.21
199.19,4.24,4.45,4.24,4.45,-4.45,-3.80,-0.20,-0.21,-0.21
201.18,4.22,4.42,4.24,4.45,-4.45,-3.80,-0.22,-0.21,-0.20
203.19,4.20,4.40,4.24,4.45,-4.45,-3.80,-0.24,-0.20,-0.20
205.23,4.21,4.41,4.25,4.45,-4.45,-3.80,-0.23,-0.20,-0.19
207.28,4.23,4.42,4.25,4.45,-4.45,-3.81,-0.21,-0.20,-0.19
209.35,4.26,4.45,4.26,4.45,-4.45,-3.81,-0.18,-0.19,-0.18
211.44,4.29,4.47,4.26,4.45,-4.45,-3.82,-0.15,-0.19,-0.18
213.56,4.29,4.47,4.27,4.45,-4.45,-3.82,-0.15,-0.18,-0.18
215.69,4.28,4.45,4.27,4.44,-4.44,-3.83,-0.16,-0.17,-0.17
217.85,4.25,4.42,4.27,4.43,-4.43,-3.83,-0.18,-0.16,-0.17
220.03,4.24,4.40,4.26,4.42,-4.42,-3.84,-0.18,-0.16,-0.16
222.23,4.24,4.40,4.25,4.40,-4.40,-3.84,-0.16,-0.15,-0.15
224.45,4.23,4.38,4.24,4.38,-4.38,-3.84,-0.15,-0.14,-0.15
226.70,4.23,4.37,4.22,4.35,-4.35,-3.84,-0.12,-0.13,-0.14
228.96,4.21,4.34,4.19,4.32,-4.32,-3.84,-0.10,-0.12,-0.13
231.25,4.19,4.31,4.16,4.27,-4.27,-3.84,-0.08,-0.12,-0.12
233.57,4.15,4.26,4.12,4.23,-4.23,-3.83,-0.07,-0.11,-0.11
235.90,4.09,4.19,4.08,4.18,-4.18,-3.82,-0.08,-0.10,-0.09
238.26,4.03,4.11,4.03,4.12,-4.12,-3.80,-0.08,-0.09,-0.08
240.64,3.97,4.04,3.98,4.06,-4.06,-3.79,-0.08,-0.07,-0.06
243.05,3.91,3.96,3.94,3.99,-3.99,-3.76,-0.08,-0.06,-0.05
245.48,3.85,3.89,3.88,3.93,-3.93,-3.74,-0.07,-0.04,-0.03
247.93,3.81,3.83,3.83,3.86,-3.86,-3.71,-0.05,-0.03,-0.02
250.41,3.76,3.77,3.77,3.79,-3.79,-3.67,-0.03,-0.02,-0.01
252.92,3.70,3.70,3.71,3.72,-3.72,-3.64,-0.02,-0.01,0.01
255.45,3.63,3.61,3.65,3.65,-3.65,-3.59,-0.01,0.00,0.02
258.00,3.57,3.54,3.59,3.58,-3.58,-3.54,-0.00,0.01,0.03
260.58,3.52,3.48,3.53,3.50,-3.50,-3.49,0.02,0.02,0.04
263.19,3.47,3.43,3.47,3.43,-3.43,-3.44,0.05,0.04,0.05
265.82,3.44,3.39,3.40,3.35,-3.35,-3.37,0.10,0.06,0.06
268.48,3.35,3.29,3.34,3.27,-3.27,-3.31,0.09,0.07,0.06
271.16,3.25,3.18,3.26,3.18,-3.18,-3.24,0.07,0.08,0.07
273.87,3.16,3.08,3.19,3.09,-3.09,-3.17,0.08,0.10,0.08
276.61,3.08,2.99,3.10,2.99,-2.99,-3.10,0.09,0.11,0.10
279.38,3.01,2.90,3.01,2.89,-2.89,-3.02,0.12,0.12,0.11
282.17,2.94,2.81,2.92,2.79,-2.79,-2.94,0.16,0.13,0.13
284.99,2.85,2.71,2.82,2.68,-2.68,-2.86,0.18,0.15,0.15
287.84,2.76,2.60,2.72,2.56,-2.56,-2.77,0.20,0.16,0.17
290.72,2.65,2.47,2.62,2.44,-2.44,-2.69,0.21,0.18,0.19
293.63,2.51,2.31,2.51,2.32,-2.32,-2.60,0.20,0.20,0.21
296.57,2.36,2.14,2.41,2.19,-2.19,-2.51,0.17,0.21,0.23
299.53,2.25,2.01,2.30,2.06,-2.06,-2.43,0.19,0.23,0.25
302.53,2.16,1.90,2.19,1.94,-1.94,-2.34,0.23,0.25,0.27
305.55,2.06,1.78,2.08,1.81,-1.81,-2.25,0.26,0.27,0.28
308.61,1.95,1.66,1.96,1.68,-1.68,-2.16,0.28,0.28,0.30
311.69,1.86,1.55,1.84,1.55,-1.55,-2.07,0.32,0.30,0.31
314.81,1.76,1.44,1.73,1.42,-1.42,-1.98,0.35,0.31,0.33
317.96,1.63,1.29,1.62,1.29,-1.29,-1.88,0.35,0.33,0.34
321.14,1.51,1.16,1.51,1.16,-1.16,-1.80,0.35,0.35,0.35
324.35,1.39,1.03,1.40,1.03,-1.03,-1.71,0.36,0.37,0.37
327.59,1.27,0.89,1.29,0.90,-0.90,-1.62,0.37,0.39,0.38
330.87,1.17,0.77,1.19,0.77,-0.77,-1.53,0.40,0.41,0.40
334.18,1.07,0.65,1.08,0.64,-0.64,-1.44,0.43,0.44,0.42
337.52,0.95,0.51,0.97,0.52,-0.52,-1.35,0.44,0.45,0.44
340.90,0.85,0.39,0.86,0.39,-0.39,-1.27,0.47,0.47,0.47
344.30,0.76,0.27,0.76,0.26,-0.26,-1.18,0.50,0.50,0.49
347.75,0.67,0.15,0.65,0.14,-0.14,-1.09,0.54,0.52,0.52
351.23,0.57,0.02,0.55,0.01,-0.01,-1.01,0.56,0.54,0.55
354.74,0.47,-0.10,0.46,-0.11,0.11,-0.92,0.59,0.57,0.58
358.28,0.38,-0.22,0.37,-0.23,0.23,-0.84,0.61,0.60,0.60
361.87,0.27,-0.36,0.28,-0.35,0.35,-0.76,0.62,0.63,0.63
365.49,0.17,-0.48,0.19,-0.46,0.46,-0.68,0.63,0.65,0.65
369.14,0.08,-0.59,0.11,-0.56,0.56,-0.59,0.65,0.67,0.68
372.83,0.00,-0.69,0.03,-0.66,0.66,-0.51,0.67,0.69,0.70
376.56,-0.06,-0.77,-0.05,-0.76,0.76,-0.43,0.70,0.71,0.72
380.33,-0.12,-0.85,-0.12,-0.84,0.84,-0.35,0.73,0.72,0.73
384.13,-0.18,-0.92,-0.19,-0.92,0.92,-0.28,0.75,0.73,0.75
387.97,-0.23,-0.98,-0.26,-0.99,0.99,-0.20,0.76,0.73,0.76
391.85,-0.28,-1.04,-0.31,-1.05,1.05,-0.12,0.78,0.74,0.76
395.77,-0.33,-1.10,-0.35,-1.10,1.10,-0.04,0.78,0.75,0.77
399.73,-0.41,-1.18,-0.39,-1.14,1.14,0.03,0.74,0.75,0.77
403.72,-0.47,-1.24,-0.42,-1.18,1.18,0.10,0.71,0.76,0.78
407.76,-0.49,-1.26,-0.43,-1.20,1.20,0.18,0.71,0.77,0.78
411.84,-0.50,-1.28,-0.45,-1.22,1.22,0.25,0.72,0.77,0.78
415.96,-0.50,-1.28,-0.45,-1.23,1.23,0.32,0.73,0.78,0.78
420.12,-0.49,-1.27,-0.45,-1.24,1.24,0.39,0.75,0.78,0.78
424.32,-0.46,-1.24,-0.45,-1.24,1.24,0.46,0.78,0.78,0.79
428.56,-0.43,-1.22,-0.45,-1.24,1.24,0.53,0.81,0.79,0.79
432.85,-0.40,-1.19,-0.44,-1.24,1.24,0.59,0.84,0.80,0.80
437.18,-0.38,-1.18,-0.43,-1.23,1.23,0.65,0.86,0.80,0.80
441.55,-0.37,-1.18,-0.42,-1.23,1.23,0.72,0.86,0.81,0.81
445.96,-0.37,-1.19,-0.41,-1.23,1.23,0.78,0.86,0.82,0.82
450.42,-0.38,-1.21,-0.40,-1.23,1.23,0.83,0.85,0.83,0.83
454.93,-0.39,-1.23,-0.39,-1.22,1.22,0.89,0.84,0.83,0.84
459.48,-0.40,-1.24,-0.38,-1.22,1.22,0.94,0.82,0.84,0.85
464.07,-0.40,-1.25,-0.37,-1.21,1.21,0.99,0.82,0.84,0.86
468.71,-0.40,-1.26,-0.37,-1.20,1.20,1.03,0.81,0.84,0.86
473.40,-0.38,-1.24,-0.36,-1.19,1.19,1.08,0.82,0.83,0.86
478.13,-0.36,-1.22,-0.35,-1.18,1.18,1.12,0.82,0.83,0.86
482.91,-0.34,-1.19,-0.33,-1.16,1.16,1.15,0.83,0.83,0.86
487.74,-0.32,-1.17,-0.31,-1.14,1.14,1.19,0.83,0.83,0.85
492.62,-0.30,-1.14,-0.29,-1.12,1.12,1.22,0.82,0.83,0.85
497.55,-0.26,-1.10,-0.26,-1.09,1.09,1.24,0.84,0.84,0.84
502.52,-0.22,-1.05,-0.22,-1.06,1.06,1.27,0.85,0.84,0.84
507.55,-0.19,-1.02,-0.19,-1.03,1.03,1.29,0.85,0.85,0.83
512.62,-0.17,-1.00,-0.15,-1.00,1.00,1.30,0.84,0.86,0.84
517.75,-0.11,-0.95,-0.11,-0.98,0.98,1.32,0.87,0.87,0.84
522.93,-0.06,-0.91,-0.07,-0.95,0.95,1.33,0.89,0.88,0.86
528.16,-0.02,-0.89,-0.03,-0.92,0.92,1.33,0.91,0.89,0.87
533.44,0.02,-0.87,0.01,-0.90,0.90,1.34,0.92,0.91,0.90
538.77,0.07,-0.85,0.05,-0.87,0.87,1.34,0.95,0.93,0.92
544.16,0.11,-0.84,0.10,-0.85,0.85,1.34,0.96,0.95,0.95
549.60,0.14,-0.84,0.15,-0.83,0.83,1.33,0.97,0.98,0.98
555.10,0.18,-0.83,0.20,-0.80,0.80,1.33,0.98,1.00,1.01
560.65,0.22,-0.82,0.25,-0.78,0.78,1.32,1.00,1.03,1.05
566.25,0.28,-0.79,0.31,-0.75,0.75,1.31,1.03,1.06,1.07
571.92,0.33,-0.77,0.36,-0.72,0.72,1.30,1.05,1.08,1.10
577.64,0.41,-0.71,0.42,-0.68,0.68,1.29,1.10,1.10,1.13
583.41,0.49,-0.65,0.47,-0.64,0.64,1.27,1.14,1.12,1.14
589.25,0.55,-0.61,0.53,-0.60,0.60,1.26,1.16,1.13,1.16
595.14,0.61,-0.56,0.59,-0.56,0.56,1.24,1.17,1.15,1.17
601.09,0.67,-0.51,0.65,-0.51,0.51,1.23,1.18,1.16,1.18
607.10,0.72,-0.46,0.72,-0.46,0.46,1.21,1.18,1.17,1.19
613.17,0.76,-0.43,0.78,-0.41,0.41,1.19,1.17,1.19,1.19
619.30,0.81,-0.38,0.84,-0.36,0.36,1.18,1.17,1.20,1.19
625.50,0.88,-0.31,0.90,-0.30,0.30,1.16,1.19,1.21,1.20
631.75,0.95,-0.25,0.96,-0.26,0.26,1.14,1.21,1.22,1.20
638.07,1.02,-0.19,1.02,-0.21,0.21,1.13,1.23,1.23,1.22
644.45,1.07,-0.16,1.07,-0.17,0.17,1.11,1.24,1.24,1.23
650.89,1.13,-0.12,1.13,-0.13,0.13,1.09,1.27,1.26,1.25
657.40,1.18,-0.09,1.18,-0.10,0.10,1.08,1.28,1.28,1.27
663.98,1.24,-0.05,1.24,-0.07,0.07,1.06,1.32,1.31,1.30
670.62,1.29,-0.03,1.28,-0.05,0.05,1.05,1.35,1.34,1.33
677.32,1.33,-0.03,1.33,-0.04,0.04,1.04,1.38,1.37,1.36
684.10,1.35,-0.04,1.37,-0.04,0.04,1.02,1.39,1.40,1.40
690.94,1.38,-0.05,1.40,-0.04,0.04,1.01,1.42,1.44,1.43
697.85,1.42,-0.04,1.43,-0.05,0.05,1.00,1.47,1.47,1.47
704.83,1.45,-0.05,1.44,-0.06,0.06,0.99,1.51,1.50,1.50
711.87,1.48,-0.05,1.45,-0.08,0.08,0.98,1.56,1.53,1.53
718.99,1.47,-0.09,1.46,-0.10,0.10,0.97,1.58,1.56,1.56
726.18,1.46,-0.13,1.45,-0.13,0.13,0.96,1.59,1.58,1.59
733.44,1.45,-0.16,1.44,-0.16,0.16,0.96,1.61,1.60,1.61
740.78,1.43,-0.20,1.42,-0.19,0.19,0.95,1.63,1.61,1.63
748.19,1.42,-0.23,1.40,-0.23,0.23,0.94,1.65,1.63,1.65
755.67,1.39,-0.27,1.38,-0.26,0.26,0.94,1.66,1.64,1.66
763.23,1.34,-0.32,1.36,-0.30,0.30,0.94,1.64,1.65,1.67
770.86,1.29,-0.38,1.33,-0.33,0.33,0.93,1.63,1.66,1.67
778.57,1.25,-0.42,1.29,-0.37,0.37,0.93,1.62,1.66,1.67
786.35,1.21,-0.45,1.26,-0.40,0.40,0.93,1.62,1.66,1.67
794.22,1.19,-0.47,1.22,-0.44,0.44,0.93,1.63,1.66,1.67
802.16,1.18,-0.48,1.19,-0.47,0.47,0.93,1.65,1.66,1.66
810.18,1.17,-0.48,1.15,-0.50,0.50,0.93,1.68,1.65,1.66
818.28,1.14,-0.51,1.11,-0.54,0.54,0.93,1.68,1.65,1.65
826.46,1.09,-0.55,1.07,-0.58,0.58,0.93,1.67,1.65,1.64
834.73,1.04,-0.60,1.03,-0.61,0.61,0.94,1.66,1.64,1.64
843.08,0.98,-0.65,0.98,-0.65,0.65,0.94,1.64,1.64,1.63
851.51,0.93,-0.69,0.94,-0.69,0.69,0.94,1.63,1.63,1.63
860.02,0.88,-0.74,0.89,-0.74,0.74,0.95,1.62,1.62,1.62
868.62,0.83,-0.78,0.84,-0.78,0.78,0.95,1.61,1.62,1.62
877.31,0.77,-0.84,0.78,-0.83,0.83,0.96,1.60,1.61,1.61
886.08,0.71,-0.89,0.72,-0.87,0.87,0.96,1.59,1.60,1.61
894.94,0.66,-0.94,0.66,-0.92,0.92,0.97,1.59,1.59,1.60
903.89,0.60,-0.99,0.61,-0.98,0.98,0.98,1.58,1.58,1.60
912.93,0.54,-1.05,0.55,-1.03,1.03,0.99,1.57,1.58,1.59
922.06,0.47,-1.11,0.49,-1.09,1.09,0.99,1.56,1.58,1.59
931.28,0.42,-1.16,0.44,-1.15,1.15,1.00,1.57,1.59,1.58
940.59,0.37,-1.20,0.37,-1.22,1.22,1.01,1.59,1.59,1.58
950.00,0.32,-1.25,0.31,-1.29,1.29,1.02,1.61,1.59,1.58
959.50,0.26,-1.32,0.24,-1.36,1.36,1.03,1.62,1.60,1.58
969.09,0.18,-1.40,0.17,-1.44,1.44,1.04,1.62,1.60,1.59
978.78,0.12,-1.47,0.09,-1.51,1.51,1.04,1.64,1.61,1.60
988.57,0.08,-1.53,0.02,-1.59,1.59,1.05,1.68,1.62,1.61
998.46,0.01,-1.61,-0.05,-1.67,1.67,1.06,1.69,1.63,1.63
1008.44,-0.08,-1.73,-0.11,-1.75,1.75,1.07,1.68,1.65,1.65
1018.53,-0.17,-1.85,-0.16,-1.83,1.83,1.08,1.66,1.67,1.68
1028.71,-0.25,-1.96,-0.20,-1.90,1.90,1.09,1.65,1.69,1.71
1039.00,-0.31,-2.05,-0.24,-1.96,1.96,1.10,1.65,1.72,1.75
1049.39,-0.33,-2.11,-0.26,-2.01,2.01,1.12,1.69,1.75,1.79
1059.88,-0.33,-2.16,-0.26,-2.06,2.06,1.13,1.73,1.79,1.83
1070.48,-0.31,-2.18,-0.25,-2.09,2.09,1.14,1.78,1.84,1.88
1081.19,-0.27,-2.19,-0.22,-2.11,2.11,1.15,1.84,1.89,1.93
1092.00,-0.20,-2.18,-0.18,-2.12,2.12,1.16,1.92,1.95,1.98
1102.92,-0.12,-2.15,-0.12,-2.12,2.12,1.18,2.00,2.00,2.03
1113.95,-0.05,-2.13,-0.05,-2.11,2.11,1.19,2.06,2.06,2.09
1125.09,0.02,-2.12,0.04,-2.09,2.09,1.20,2.12,2.13,2.14
1136.34,0.12,-2.07,0.12,-2.07,2.07,1.22,2.19,2.19,2.20
1147.70,0.25,-2.00,0.21,-2.04,2.04,1.23,2.29,2.25,2.25
1159.18,0.35,-1.95,0.30,-2.00,2.00,1.25,2.36,2.31,2.30
1170.77,0.45,-1.90,0.39,-1.96,1.96,1.27,2.42,2.36,2.36
1182.48,0.53,-1.88,0.48,-1.93,1.93,1.29,2.46,2.41,2.41
1194.30,0.60,-1.86,0.57,-1.88,1.88,1.30,2.49,2.46,2.46
1206.25,0.66,-1.85,0.66,-1.84,1.84,1.32,2.51,2.50,2.51
1218.31,0.73,-1.82,0.74,-1.80,1.80,1.34,2.53,2.54,2.56
1230.49,0.81,-1.78,0.83,-1.75,1.75,1.37,2.57,2.58,2.60
1242.80,0.87,-1.76,0.91,-1.71,1.71,1.39,2.58,2.63,2.64
1255.22,0.94,-1.73,1.00,-1.67,1.67,1.41,2.61,2.67,2.68
1267.78,1.04,-1.67,1.08,-1.62,1.62,1.44,2.67,2.70,2.72
1280.45,1.15,-1.60,1.16,-1.58,1.58,1.47,2.74,2.74,2.75
1293.26,1.24,-1.54,1.24,-1.54,1.54,1.49,2.78,2.78,2.79
1306.19,1.34,-1.48,1.32,-1.50,1.50,1.52,2.85,2.82,2.83
1319.25,1.41,-1.45,1.40,-1.47,1.47,1.55,2.88,2.87,2.87
1332.45,1.48,-1.43,1.48,-1.44,1.44,1.58,2.92,2.92,2.91
1345.77,1.57,-1.38,1.55,-1.41,1.41,1.62,2.99,2.97,2.95
1359.23,1.64,-1.36,1.62,-1.40,1.40,1.65,3.04,3.02,3.00
1372.82,1.70,-1.34,1.68,-1.38,1.38,1.69,3.09,3.07,3.05
1386.55,1.74,-1.35,1.73,-1.38,1.38,1.73,3.12,3.12,3.10
1400.41,1.78,-1.36,1.78,-1.38,1.38,1.77,3.17,3.16,3.15
1414.42,1.84,-1.36,1.82,-1.39,1.39,1.81,3.24,3.21,3.20
1428.56,1.87,-1.39,1.85,-1.41,1.41,1.85,3.29,3.26,3.26
1442.85,1.89,-1.43,1.88,-1.43,1.43,1.89,3.33,3.32,3.32
1457.28,1.91,-1.47,1.91,-1.46,1.46,1.94,3.38,3.37,3.38
1471.85,1.93,-1.51,1.94,-1.49,1.49,1.98,3.43,3.43,3.44
1486.57,1.95,-1.55,1.97,-1.53,1.53,2.03,3.48,3.49,3.50
1501.43,1.97,-1.59,2.00,-1.56,1.56,2.08,3.53,3.56,3.56
1516.45,2.00,-1.62,2.03,-1.59,1.59,2.13,3.60,3.62,3.63
1531.61,2.04,-1.65,2.06,-1.63,1.63,2.18,3.67,3.69,3.69
1546.93,2.08,-1.68,2.09,-1.66,1.66,2.23,3.74,3.75,3.76
1562.40,2.13,-1.70,2.13,-1.69,1.69,2.29,3.82,3.82,3.83
1578.02,2.16,-1.74,2.18,-1.72,1.72,2.34,3.88,3.90,3.91
1593.80,2.22,-1.76,2.23,-1.75,1.75,2.40,3.97,3.98,3.98
1609.74,2.30,-1.76,2.29,-1.77,1.77,2.45,4.08,4.06,4.06
1625.84,2.35,-1.79,2.35,-1.79,1.79,2.51,4.15,4.14,4.15
1642.10,2.41,-1.82,2.41,-1.82,1.82,2.56,4.23,4.23,4.23
1658.52,2.47,-1.85,2.48,-1.84,1.84,2.62,4.31,4.32,4.33
1675.10,2.52,-1.90,2.55,-1.86,1.86,2.68,4.39,4.41,4.42
1691.85,2.60,-1.92,2.63,-1.89,1.89,2.73,4.49,4.52,4.53
1708.77,2.71,-1.92,2.71,-1.91,1.91,2.79,4.63,4.63,4.63
1725.86,2.81,-1.93,2.80,-1.95,1.95,2.84,4.76,4.75,4.75
1743.12,2.89,-1.97,2.89,-1.99,1.99,2.89,4.88,4.88,4.87
1760.55,2.95,-2.04,2.97,-2.04,2.04,2.94,4.99,5.01,4.99
1778.15,3.01,-2.11,3.06,-2.10,2.10,2.99,5.11,5.15,5.13
1795.94,3.10,-2.16,3.13,-2.17,2.17,3.03,5.27,5.30,5.26
1813.90,3.20,-2.20,3.20,-2.25,2.25,3.08,5.45,5.45,5.41
1832.03,3.30,-2.25,3.26,-2.33,2.33,3.11,5.64,5.60,5.56
1850.36,3.41,-2.30,3.32,-2.43,2.43,3.15,5.84,5.75,5.71
1868.86,3.46,-2.42,3.37,-2.53,2.53,3.18,6.00,5.90,5.88
1887.55,3.50,-2.55,3.42,-2.65,2.65,3.21,6.15,6.06,6.05
1906.42,3.52,-2.71,3.46,-2.76,2.76,3.23,6.28,6.22,6.23
1925.49,3.53,-2.88,3.51,-2.88,2.88,3.25,6.41,6.39,6.42
1944.74,3.53,-3.07,3.57,-3.00,3.00,3.26,6.53,6.56,6.60
1964.19,3.55,-3.24,3.63,-3.11,3.11,3.26,6.67,6.74,6.80
1983.83,3.57,-3.42,3.69,-3.22,3.22,3.26,6.79,6.91,6.99
2003.67,3.67,-3.52,3.76,-3.32,3.32,3.26,7.00,7.08,7.19
2023.71,3.79,-3.60,3.84,-3.41,3.41,3.25,7.21,7.25,7.39
2043.94,3.89,-3.70,3.93,-3.49,3.49,3.23,7.38,7.43,7.59
2064.38,4.01,-3.78,4.03,-3.56,3.56,3.21,7.57,7.58,7.79
2085.03,4.21,-3.78,4.14,-3.61,3.61,3.18,7.82,7.74,7.99
2105.88,4.32,-3.86,4.27,-3.64,3.64,3.15,7.96,7.91,8.18
2126.94,4.48,-3.89,4.42,-3.66,3.66,3.11,8.15,8.08,8.37
2148.20,4.63,-3.92,4.59,-3.67,3.67,3.07,8.30,8.25,8.56
2169.69,4.76,-3.97,4.77,-3.66,3.66,3.02,8.43,8.43,8.73
2191.38,4.91,-3.99,4.96,-3.64,3.64,2.97,8.56,8.61,8.91
2213.30,5.14,-3.93,5.17,-3.61,3.61,2.92,8.75,8.78,9.07
2235.43,5.34,-3.88,5.38,-3.57,3.57,2.86,8.91,8.95,9.23
2257.78,5.46,-3.92,5.60,-3.51,3.51,2.80,8.98,9.11,9.38
2280.36,5.66,-3.87,5.83,-3.45,3.45,2.74,9.11,9.27,9.53
2303.17,6.09,-3.59,6.07,-3.37,3.37,2.67,9.47,9.44,9.68
2326.20,6.42,-3.40,6.32,-3.29,3.29,2.60,9.71,9.61,9.82
2349.46,6.58,-3.38,6.58,-3.20,3.20,2.53,9.79,9.79,9.97
2372.95,6.93,-3.17,6.85,-3.11,3.11,2.46,10.04,9.96,10.10
2396.68,7.14,-3.10,7.13,-3.02,3.02,2.39,10.16,10.14,10.24
2420.65,7.34,-3.03,7.40,-2.92,2.92,2.31,10.27,10.32,10.37
2444.86,7.64,-2.86,7.66,-2.83,2.83,2.24,10.47,10.49,10.51
2469.31,7.85,-2.78,7.91,-2.74,2.74,2.17,10.60,10.65,10.64
2494.00,8.05,-2.71,8.14,-2.65,2.65,2.09,10.71,10.80,10.76
2518.94,8.41,-2.47,8.36,-2.57,2.57,2.02,10.99,10.93,10.89
2544.13,8.67,-2.33,8.54,-2.49,2.49,1.94,11.17,11.04,11.00
2569.57,8.84,-2.26,8.71,-2.42,2.42,1.87,11.27,11.13,11.11
2595.27,8.97,-2.23,8.86,-2.35,2.35,1.80,11.33,11.22,11.21
2621.22,9.09,-2.20,9.01,-2.28,2.28,1.73,11.38,11.30,11.29
2647.43,9.19,-2.17,9.14,-2.22,2.22,1.65,11.41,11.36,11.37
2673.90,9.27,-2.15,9.27,-2.15,2.15,1.58,11.42,11.42,11.43
2700.64,9.32,-2.15,9.39,-2.08,2.08,1.51,11.40,11.46,11.48
2727.65,9.37,-2.14,9.49,-2.00,2.00,1.44,11.37,11.49,11.51
2754.93,9.44,-2.09,9.59,-1.92,1.92,1.37,11.36,11.50,11.53
2782.48,9.57,-1.97,9.68,-1.82,1.82,1.31,11.40,11.50,11.54
2810.30,9.70,-1.83,9.75,-1.72,1.72,1.24,11.42,11.48,11.53
2838.40,9.82,-1.68,9.84,-1.61,1.61,1.17,11.43,11.44,11.51
2866.79,9.92,-1.54,9.92,-1.48,1.48,1.11,11.41,11.40,11.46
2895.46,10.02,-1.38,10.00,-1.36,1.36,1.05,11.38,11.35,11.40
2924.41,10.11,-1.21,10.07,-1.22,1.22,0.98,11.33,11.29,11.32
2953.65,10.18,-1.05,10.14,-1.08,1.08,0.92,11.27,11.22,11.24
2983.19,10.22,-0.91,10.20,-0.95,0.95,0.86,11.17,11.15,11.14
3013.02,10.25,-0.78,10.24,-0.81,0.81,0.80,11.07,11.05,11.03
3043.15,10.26,-0.65,10.26,-0.69,0.69,0.74,10.95,10.95,10.91
3073.58,10.25,-0.54,10.26,-0.57,0.57,0.68,10.83,10.83,10.79
3104.32,10.23,-0.43,10.23,-0.47,0.47,0.63,10.70,10.70,10.66
3135.36,10.19,-0.33,10.19,-0.39,0.39,0.57,10.58,10.57,10.53
3166.72,10.14,-0.24,10.12,-0.32,0.32,0.51,10.46,10.43,10.38
3198.38,10.07,-0.17,10.03,-0.26,0.26,0.46,10.34,10.29,10.24
3230.37,9.99,-0.10,9.91,-0.22,0.22,0.41,10.21,10.13,10.09
3262.67,9.87,-0.07,9.78,-0.19,0.19,0.35,10.06,9.97,9.94
3295.30,9.64,-0.14,9.64,-0.17,0.17,0.30,9.81,9.81,9.79
3328.25,9.47,-0.16,9.48,-0.16,0.16,0.25,9.63,9.64,9.64
3361.53,9.35,-0.13,9.32,-0.15,0.15,0.20,9.50,9.46,9.48
3395.15,9.15,-0.18,9.14,-0.14,0.14,0.16,9.29,9.28,9.33
3429.10,8.93,-0.24,8.97,-0.13,0.13,0.11,9.07,9.10,9.18
3463.39,8.75,-0.26,8.79,-0.12,0.12,0.06,8.88,8.91,9.02
3498.03,8.52,-0.33,8.62,-0.11,0.11,0.02,8.63,8.73,8.85
3533.01,8.38,-0.31,8.45,-0.09,0.09,-0.02,8.47,8.54,8.69
3568.34,8.24,-0.28,8.30,-0.07,0.07,-0.06,8.31,8.36,8.53
3604.02,8.12,-0.25,8.15,-0.04,0.04,-0.10,8.16,8.19,8.38
3640.06,8.00,-0.23,8.02,-0.01,0.01,-0.14,8.01,8.03,8.23
3676.46,7.88,-0.22,7.90,0.03,-0.03,-0.17,7.86,7.87,8.10
3713.22,7.76,-0.21,7.78,0.06,-0.06,-0.21,7.70,7.72,7.98
3750.36,7.66,-0.20,7.68,0.10,-0.10,-0.24,7.57,7.58,7.86
3787.86,7.57,-0.18,7.58,0.13,-0.13,-0.26,7.44,7.44,7.75
3825.74,7.50,-0.14,7.48,0.17,-0.17,-0.29,7.34,7.32,7.64
3864.00,7.41,-0.12,7.39,0.19,-0.19,-0.31,7.22,7.20,7.53
3902.64,7.31,-0.11,7.30,0.21,-0.21,-0.34,7.10,7.08,7.42
3941.66,7.21,-0.09,7.20,0.23,-0.23,-0.35,6.98,6.97,7.31
3981.08,7.12,-0.07,7.09,0.24,-0.24,-0.37,6.88,6.85,7.19
4020.89,7.00,-0.06,6.98,0.26,-0.26,-0.38,6.75,6.72,7.06
4061.10,6.90,-0.02,6.87,0.27,-0.27,-0.39,6.63,6.60,6.93
4101.71,6.80,0.02,6.75,0.29,-0.29,-0.40,6.51,6.46,6.78
4142.73,6.67,0.05,6.64,0.32,-0.32,-0.41,6.36,6.33,6.62
4184.15,6.54,0.09,6.53,0.35,-0.35,-0.41,6.20,6.18,6.45
4226.00,6.43,0.17,6.42,0.39,-0.39,-0.41,6.05,6.03,6.27
4268.26,6.27,0.20,6.32,0.44,-0.44,-0.41,5.84,5.89,6.07
4310.94,6.13,0.26,6.23,0.49,-0.49,-0.41,5.64,5.74,5.87
4354.05,6.04,0.37,6.14,0.55,-0.55,-0.40,5.49,5.59,5.67
4397.59,5.96,0.49,6.06,0.62,-0.62,-0.40,5.34,5.44,5.47
4441.56,5.91,0.63,5.97,0.69,-0.69,-0.39,5.22,5.28,5.28
4485.98,5.85,0.75,5.89,0.76,-0.76,-0.38,5.10,5.13,5.10
4530.84,5.81,0.88,5.80,0.82,-0.82,-0.37,5.00,4.98,4.93
4576.15,5.76,0.99,5.70,0.87,-0.87,-0.35,4.90,4.84,4.77
4621.91,5.70,1.08,5.60,0.90,-0.90,-0.34,4.80,4.70,4.62
4668.13,5.62,1.14,5.50,0.93,-0.93,-0.32,4.70,4.57,4.49
4714.81,5.52,1.16,5.38,0.93,-0.93,-0.31,4.59,4.44,4.36
4761.96,5.31,1.07,5.25,0.93,-0.93,-0.29,4.38,4.32,4.24
4809.58,5.16,1.02,5.11,0.91,-0.91,-0.27,4.25,4.20,4.14
4857.67,4.96,0.91,4.96,0.88,-0.88,-0.25,4.09,4.08,4.06
4906.25,4.83,0.85,4.80,0.83,-0.83,-0.23,4.00,3.96,3.98
4955.31,4.64,0.72,4.64,0.78,-0.78,-0.21,3.86,3.86,3.93
5004.87,4.48,0.60,4.49,0.72,-0.72,-0.19,3.76,3.77,3.89
5054.91,4.34,0.48,4.35,0.66,-0.66,-0.17,3.68,3.69,3.86
5105.46,4.20,0.35,4.24,0.60,-0.60,-0.15,3.61,3.64,3.85
5156.52,4.10,0.24,4.15,0.53,-0.53,-0.13,3.57,3.61,3.87
5208.08,4.02,0.12,4.10,0.47,-0.47,-0.11,3.55,3.62,3.91
5260.16,3.95,-0.02,4.08,0.40,-0.40,-0.09,3.55,3.68,3.97
5312.77,3.95,-0.12,4.10,0.33,-0.33,-0.07,3.63,3.77,4.07
5365.89,4.01,-0.18,4.15,0.25,-0.25,-0.04,3.76,3.90,4.20
5419.55,4.15,-0.20,4.23,0.18,-0.18,-0.02,3.97,4.05,4.35
5473.75,4.32,-0.21,4.34,0.11,-0.11,-0.00,4.21,4.23,4.53
5528.49,4.48,-0.25,4.47,0.05,-0.05,0.02,4.44,4.42,4.73
5583.77,4.65,-0.30,4.64,-0.01,0.01,0.04,4.66,4.64,4.95
5639.61,4.92,-0.26,4.83,-0.05,0.05,0.07,4.98,4.89,5.19
5696.00,5.07,-0.35,5.05,-0.09,0.09,0.09,5.16,5.14,5.42
5752.96,5.32,-0.33,5.29,-0.11,0.11,0.11,5.43,5.40,5.66
5810.49,5.49,-0.39,5.54,-0.11,0.11,0.13,5.60,5.65,5.89
5868.60,5.69,-0.41,5.81,-0.09,0.09,0.15,5.79,5.90,6.11
5927.28,5.85,-0.45,6.06,-0.07,0.07,0.18,5.92,6.13,6.30
5986.56,6.14,-0.33,6.31,-0.04,0.04,0.20,6.18,6.35,6.48
6046.42,6.38,-0.24,6.53,-0.01,0.01,0.22,6.39,6.54,6.62
6106.89,6.57,-0.16,6.72,0.02,-0.02,0.24,6.56,6.70,6.73
6167.96,6.88,0.08,6.85,0.03,-0.03,0.27,6.86,6.82,6.81
6229.64,7.04,0.20,6.91,0.00,-0.00,0.29,7.04,6.90,6.84
6291.93,7.08,0.25,6.90,-0.06,0.06,0.31,7.14,6.95,6.83
6354.85,7.06,0.27,6.79,-0.16,0.16,0.34,7.22,6.95,6.79
6418.40,6.95,0.23,6.59,-0.30,0.30,0.36,7.26,6.90,6.72
6482.58,6.74,0.13,6.30,-0.48,0.48,0.38,7.23,6.79,6.61
6547.41,6.29,-0.18,5.93,-0.70,0.70,0.41,7.00,6.63,6.48
6612.88,5.81,-0.50,5.47,-0.95,0.95,0.43,6.77,6.42,6.32
6679.01,5.09,-1.03,4.93,-1.22,1.22,0.45,6.31,6.15,6.13
6745.80,4.39,-1.53,4.34,-1.50,1.50,0.48,5.90,5.85,5.92
6813.26,3.58,-2.11,3.71,-1.79,1.79,0.50,5.38,5.50,5.69
6881.39,2.85,-2.60,3.05,-2.08,2.08,0.52,4.93,5.13,5.45
6950.21,2.21,-2.99,2.39,-2.36,2.36,0.54,4.57,4.75,5.21
7019.71,1.36,-3.59,1.74,-2.62,2.62,0.57,3.99,4.37,4.95
7089.91,0.92,-3.77,1.12,-2.87,2.76,0.59,3.69,3.89,4.69
7160.81,0.38,-4.06,0.55,-3.10,2.76,0.61,3.14,3.30,4.44
7232.41,-0.03,-4.22,0.03,-3.30,2.61,0.63,2.58,2.64,4.20
7304.74,-0.44,-4.41,-0.41,-3.47,2.31,0.65,1.88,1.90,3.97
7377.79,-0.79,-4.55,-0.78,-3.63,1.96,0.66,1.17,1.18,3.77
7451.56,-1.08,-4.67,-1.08,-3.76,1.63,0.68,0.56,0.55,3.59
7526.08,-1.34,-4.79,-1.31,-3.89,1.33,0.69,-0.01,0.02,3.45
7601.34,-1.53,-4.87,-1.47,-4.00,1.06,0.71,-0.47,-0.42,3.35
7677.35,-1.61,-4.90,-1.58,-4.12,0.82,0.72,-0.79,-0.76,3.30
7754.13,-1.64,-4.94,-1.61,-4.24,0.63,0.73,-1.01,-0.99,3.30
7831.67,-1.62,-4.99,-1.58,-4.36,0.48,0.74,-1.14,-1.10,3.37
7909.98,-1.53,-5.04,-1.50,-4.49,0.37,0.74,-1.16,-1.14,3.51
7989.08,-1.35,-5.06,-1.35,-4.61,0.28,0.75,-1.07,-1.07,3.72
8068.98,-1.17,-5.15,-1.15,-4.72,0.21,0.75,-0.95,-0.93,3.99
8149.67,-0.96,-5.28,-0.87,-4.83,0.16,0.75,-0.79,-0.71,4.32
8231.16,-0.67,-5.38,-0.55,-4.93,0.12,0.75,-0.54,-0.42,4.71
8313.47,-0.28,-5.43,-0.17,-5.00,0.09,0.74,-0.18,-0.07,5.16
8396.61,0.11,-5.52,0.27,-5.05,0.07,0.73,0.19,0.34,5.64
8480.57,0.62,-5.52,0.74,-5.08,0.05,0.72,0.68,0.79,6.15
8565.38,1.11,-5.55,1.24,-5.09,0.04,0.71,1.15,1.28,6.67
8651.03,1.62,-5.55,1.76,-5.08,0.03,0.70,1.66,1.80,7.18
8737.54,2.14,-5.51,2.29,-5.07,0.02,0.69,2.17,2.32,7.66
8824.92,2.68,-5.41,2.80,-5.04,0.02,0.67,2.70,2.81,8.09
8913.17,3.15,-5.30,3.25,-5.01,0.01,0.66,3.17,3.26,8.46
9002.30,3.62,-5.12,3.66,-4.98,0.01,0.64,3.63,3.67,8.74
9092.32,4.01,-4.92,3.96,-4.94,0.01,0.62,4.02,3.97,8.93
9183.25,4.34,-4.67,4.13,-4.89,0.01,0.60,4.35,4.14,9.01
9275.08,4.52,-4.45,4.15,-4.84,0.00,0.58,4.53,4.15,8.98
9367.83,4.48,-4.34,4.02,-4.80,0.00,0.56,4.49,4.02,8.83
9461.51,4.34,-4.22,3.71,-4.75,0.00,0.54,4.35,3.71,8.56
9556.12,3.98,-4.21,3.26,-4.71,0.00,0.52,3.99,3.26,8.19
9651.68,3.26,-4.46,2.68,-4.66,0.00,0.50,3.27,2.68,7.73
9748.20,2.46,-4.71,1.97,-4.63,0.00,0.48,2.47,1.98,7.18
9845.68,1.51,-5.04,1.18,-4.60,0.00,0.46,1.51,1.18,6.55
9944.14,0.61,-5.27,0.32,-4.57,0.00,0.44,0.61,0.32,5.88
10043.58,-0.99,-6.16,-0.57,-4.54,0.00,0.42,-0.99,-0.57,5.17
10144.02,-1.99,-6.43,-1.45,-4.53,0.00,0.40,-1.99,-1.45,4.45
10245.46,-2.88,-6.60,-2.29,-4.51,0.00,0.39,-2.88,-2.29,3.73
10347.91,-3.63,-6.65,-3.05,-4.47,0.00,0.37,-3.63,-3.05,3.03
10451.39,-4.40,-6.75,-3.70,-4.42,0.00,0.35,-4.40,-3.70,2.36
10555.91,-4.69,-6.41,-4.23,-4.35,0.00,0.33,-4.69,-4.23,1.73
10661.46,-5.05,-6.18,-4.63,-4.25,0.00,0.32,-5.05,-4.63,1.13
10768.08,-5.27,-5.85,-4.90,-4.14,0.00,0.30,-5.27,-4.90,0.58
10875.76,-5.35,-5.42,-5.08,-4.02,0.00,0.29,-5.35,-5.08,0.07
10984.52,-5.31,-4.90,-5.17,-3.88,0.00,0.27,-5.31,-5.17,-0.41
11094.36,-5.22,-4.35,-5.21,-3.71,0.00,0.26,-5.22,-5.21,-0.86
11205.31,-5.07,-3.77,-5.23,-3.53,0.00,0.24,-5.07,-5.23,-1.30
11317.36,-4.88,-3.15,-5.28,-3.33,0.00,0.23,-4.88,-5.28,-1.72
11430.53,-4.79,-2.64,-5.35,-3.12,0.00,0.22,-4.79,-5.35,-2.14
11544.84,-4.83,-2.27,-5.47,-2.89,0.00,0.20,-4.83,-5.47,-2.56
11660.29,-4.96,-1.98,-5.62,-2.66,0.00,0.19,-4.96,-5.62,-2.97
11776.89,-5.28,-1.89,-5.81,-2.42,0.00,0.18,-5.28,-5.81,-3.39
11894.66,-5.68,-1.87,-5.99,-2.17,0.00,0.17,-5.68,-5.99,-3.81
12013.60,-6.21,-1.98,-6.18,-1.92,0.00,0.16,-6.21,-6.18,-4.22
12133.74,-6.66,-2.03,-6.37,-1.69,0.00,0.15,-6.66,-6.37,-4.62
12255.08,-7.05,-2.05,-6.54,-1.48,0.00,0.14,-7.05,-6.54,-5.00
12377.63,-7.35,-2.01,-6.68,-1.30,0.00,0.13,-7.35,-6.68,-5.33
12501.41,-7.41,-1.79,-6.78,-1.18,0.00,0.12,-7.41,-6.78,-5.61
12626.42,-7.40,-1.57,-6.84,-1.14,0.00,0.11,-7.40,-6.84,-5.82
12752.68,-7.29,-1.33,-6.85,-1.16,0.00,0.10,-7.29,-6.85,-5.95
12880.21,-7.04,-1.04,-6.82,-1.23,0.00,0.09,-7.04,-6.82,-6.00
13009.01,-6.61,-0.66,-6.76,-1.35,0.00,0.08,-6.61,-6.76,-5.95
13139.10,-6.39,-0.58,-6.71,-1.50,0.00,0.07,-6.39,-6.71,-5.81
13270.49,-6.31,-0.73,-6.67,-1.68,0.00,0.06,-6.31,-6.67,-5.58
13403.20,-6.27,-0.99,-6.67,-1.88,0.00,0.05,-6.27,-6.67,-5.27
13537.23,-6.29,-1.37,-6.72,-2.09,0.00,0.04,-6.29,-6.72,-4.91
13672.60,-6.42,-1.90,-6.84,-2.31,0.00,0.03,-6.42,-6.84,-4.51
13809.33,-6.67,-2.56,-7.04,-2.52,0.00,0.02,-6.67,-7.04,-4.11
13947.42,-7.00,-3.28,-7.30,-2.72,0.00,0.01,-7.00,-7.30,-3.72
14086.90,-7.36,-3.98,-7.61,-2.90,0.00,0.01,-7.36,-7.61,-3.38
14227.77,-7.92,-4.81,-7.95,-3.05,0.00,-0.00,-7.92,-7.95,-3.11
14370.04,-8.64,-5.70,-8.30,-3.17,0.00,-0.01,-8.64,-8.30,-2.94
14513.74,-9.16,-6.28,-8.65,-3.25,0.00,-0.02,-9.16,-8.65,-2.88
14658.88,-9.42,-6.48,-8.98,-3.29,0.00,-0.03,-9.42,-8.98,-2.93
14805.47,-9.68,-6.56,-9.31,-3.30,0.00,-0.04,-9.68,-9.31,-3.11
14953.52,-10.05,-6.63,-9.67,-3.27,0.00,-0.05,-10.05,-9.67,-3.41
15103.06,-10.26,-6.43,-10.06,-3.21,0.00,-0.06,-10.26,-10.06,-3.82
15254.09,-10.37,-6.03,-10.46,-3.14,0.00,-0.07,-10.37,-10.46,-4.33
15406.63,-10.45,-5.53,-10.81,-3.07,0.00,-0.08,-10.45,-10.81,-4.92
15560.70,-10.51,-4.95,-11.10,-3.02,0.00,-0.09,-10.51,-11.10,-5.56
15716.30,-10.65,-4.43,-11.33,-2.99,0.00,-0.10,-10.65,-11.33,-6.21
15873.47,-10.98,-4.13,-11.50,-2.95,0.00,-0.10,-10.98,-11.50,-6.85
16032.20,-11.54,-4.09,-11.64,-2.90,0.00,-0.11,-11.54,-11.64,-7.44
16192.52,-12.03,-4.05,-11.76,-2.86,0.00,-0.11,-12.03,-11.76,-7.98
16354.45,-12.69,-4.26,-11.86,-2.82,0.00,-0.11,-12.69,-11.86,-8.43
16517.99,-13.16,-4.36,-11.90,-2.78,0.00,-0.10,-13.16,-11.90,-8.80
16683.17,-12.96,-3.87,-11.89,-2.74,0.00,-0.10,-12.96,-11.89,-9.08
16850.01,-12.33,-3.04,-11.85,-2.69,0.00,-0.09,-12.33,-11.85,-9.28
17018.51,-11.62,-2.21,-11.84,-2.64,0.00,-0.08,-11.62,-11.84,-9.41
17188.69,-11.43,-1.94,-11.88,-2.58,0.00,-0.08,-11.43,-11.88,-9.49
17360.58,-11.50,-1.95,-11.99,-2.52,0.00,-0.07,-11.50,-11.99,-9.55
17534.18,-11.68,-2.06,-12.16,-2.44,0.00,-0.06,-11.68,-12.16,-9.61
17709.53,-11.82,-2.11,-12.36,-2.36,0.00,-0.05,-11.82,-12.36,-9.71
17886.62,-11.90,-2.04,-12.61,-2.27,0.00,-0.04,-11.90,-12.61,-9.86
18065.49,-11.99,-1.75,-12.86,-2.17,0.00,-0.04,-11.99,-12.86,-10.24
18246.14,-12.30,-1.62,-13.15,-2.06,0.00,-0.03,-12.30,-13.15,-10.67
18428.60,-13.07,-1.91,-13.47,-1.95,0.00,-0.03,-13.07,-13.47,-11.16
18612.89,-14.23,-2.52,-13.83,-1.83,0.00,-0.02,-14.23,-13.83,-11.70
18799.02,-15.51,-3.21,-14.23,-1.71,0.00,-0.02,-15.51,-14.23,-12.30
18987.01,-16.33,-3.38,-14.67,-1.57,0.00,-0.02,-16.33,-14.67,-12.95
19176.88,-16.49,-2.84,-15.14,-1.43,0.00,-0.01,-16.49,-15.14,-13.65
19368.65,-16.46,-2.05,-15.65,-1.28,0.00,-0.01,-16.46,-15.65,-14.40
19562.33,-16.26,-1.04,-16.20,-1.13,0.00,-0.01,-16.26,-16.20,-15.21
19757.96,-16.07,0.01,-16.79,-0.97,0.00,-0.01,-16.07,-16.79,-16.07
19955.54,-15.89,1.10,-17.42,-0.80,0.00,-0.01,-15.89,-17.42,-16.99
