frequency,raw,error,smoothed,error_smoothed,equalization,equalized_raw,equalized_smoothed,target
20.00,-5.41,-3.50,-5.33,-3.40,3.40,-2.01,-1.93,-1.91
20.20,-5.27,-3.36,-5.25,-3.33,3.33,-1.94,-1.92,-1.91
20.40,-5.14,-3.24,-5.17,-3.25,3.25,-1.88,-1.92,-1.90
20.61,-5.05,-3.15,-5.09,-3.18,3.18,-1.87,-1.91,-1.90
20.81,-4.98,-3.09,-5.01,-3.11,3.11,-1.87,-1.90,-1.89
21.02,-4.93,-3.04,-4.93,-3.04,3.04,-1.89,-1.89,-1.89
21.23,-4.86,-2.98,-4.86,-2.97,2.97,-1.89,-1.89,-1.88
21.44,-4.77,-2.89,-4.78,-2.90,2.90,-1.87,-1.88,-1.88
21.66,-4.68,-2.81,-4.71,-2.84,2.84,-1.85,-1.87,-1.87
21.87,-4.60,-2.73,-4.64,-2.77,2.77,-1.83,-1.87,-1.87
22.09,-4.55,-2.69,-4.56,-2.70,2.70,-1.85,-1.86,-1.86
22.31,-4.50,-2.64,-4.49,-2.64,2.64,-1.86,-1.86,-1.85
22.54,-4.44,-2.59,-4.43,-2.58,2.58,-1.86,-1.86,-1.85
22.76,-4.37,-2.53,-4.37,-2.52,2.52,-1.85,-1.85,-1.84
22.99,-4.32,-2.48,-4.31,-2.46,2.46,-1.86,-1.85,-1.84
23.22,-4.27,-2.44,-4.24,-2.40,2.40,-1.87,-1.84,-1.83
23.45,-4.20,-2.37,-4.18,-2.34,2.34,-1.86,-1.83,-1.83
23.69,-4.12,-2.30,-4.11,-2.28,2.28,-1.84,-1.83,-1.82
23.92,-4.05,-2.23,-4.05,-2.22,2.22,-1.83,-1.82,-1.82
24.16,-3.98,-2.17,-3.98,-2.16,2.16,-1.82,-1.82,-1.81
24.40,-3.91,-2.10,-3.92,-2.11,2.11,-1.80,-1.81,-1.81
24.65,-3.85,-2.05,-3.85,-2.05,2.05,-1.80,-1.81,-1.80
24.89,-3.78,-1.98,-3.79,-1.99,1.99,-1.79,-1.80,-1.80
25.14,-3.71,-1.92,-3.73,-1.93,1.93,-1.78,-1.80,-1.79
25.39,-3.65,-1.86,-3.66,-1.87,1.87,-1.78,-1.79,-1.79
25.65,-3.58,-1.80,-3.60,-1.81,1.81,-1.77,-1.79,-1.78
25.91,-3.51,-1.73,-3.54,-1.75,1.75,-1.76,-1.78,-1.78
26.16,-3.47,-1.70,-3.48,-1.70,1.70,-1.77,-1.78,-1.77
26.43,-3.44,-1.68,-3.41,-1.63,1.63,-1.81,-1.78,-1.76
26.69,-3.38,-1.62,-3.34,-1.57,1.57,-1.81,-1.77,-1.76
26.96,-3.31,-1.56,-3.28,-1.51,1.51,-1.80,-1.77,-1.75
27.23,-3.23,-1.48,-3.21,-1.44,1.44,-1.79,-1.76,-1.75
27.50,-3.15,-1.41,-3.13,-1.38,1.38,-1.77,-1.75,-1.74
27.77,-3.08,-1.35,-3.06,-1.31,1.31,-1.77,-1.75,-1.73
28.05,-3.01,-1.28,-2.99,-1.25,1.25,-1.76,-1.74,-1.73
28.33,-2.94,-1.22,-2.92,-1.18,1.18,-1.76,-1.74,-1.72
28.62,-2.84,-1.12,-2.85,-1.13,1.13,-1.72,-1.73,-1.72
28.90,-2.76,-1.05,-2.79,-1.07,1.07,-1.69,-1.72,-1.71
29.19,-2.71,-1.00,-2.74,-1.03,1.03,-1.68,-1.71,-1.71
29.48,-2.67,-0.96,-2.69,-0.99,0.99,-1.68,-1.70,-1.71
29.78,-2.62,-0.91,-2.66,-0.96,0.96,-1.66,-1.70,-1.71
30.08,-2.59,-0.89,-2.64,-0.94,0.94,-1.65,-1.70,-1.71
30.38,-2.58,-0.88,-2.63,-0.92,0.92,-1.66,-1.71,-1.70
30.68,-2.59,-0.89,-2.62,-0.91,0.91,-1.68,-1.71,-1.70
30.99,-2.60,-0.90,-2.62,-0.91,0.91,-1.69,-1.71,-1.70
31.30,-2.62,-0.92,-2.63,-0.91,0.91,-1.71,-1.72,-1.70
31.61,-2.64,-0.94,-2.64,-0.92,0.92,-1.72,-1.72,-1.70
31.93,-2.67,-0.97,-2.64,-0.92,0.92,-1.75,-1.72,-1.70
32.24,-2.70,-1.00,-2.65,-0.92,0.92,-1.78,-1.72,-1.70
32.57,-2.70,-1.01,-2.64,-0.92,0.92,-1.78,-1.72,-1.69
32.89,-2.69,-1.00,-2.63,-0.91,0.91,-1.77,-1.72,-1.69
33.22,-2.67,-0.99,-2.61,-0.90,0.90,-1.77,-1.71,-1.68
33.55,-2.63,-0.95,-2.59,-0.89,0.89,-1.74,-1.70,-1.68
33.89,-2.58,-0.91,-2.56,-0.87,0.87,-1.71,-1.69,-1.67
34.23,-2.52,-0.86,-2.52,-0.85,0.85,-1.67,-1.67,-1.66
34.57,-2.48,-0.83,-2.49,-0.82,0.82,-1.66,-1.66,-1.65
34.92,-2.42,-0.78,-2.45,-0.80,0.80,-1.62,-1.66,-1.64
35.27,-2.35,-0.72,-2.42,-0.77,0.77,-1.58,-1.65,-1.64
35.62,-2.32,-0.70,-2.38,-0.74,0.74,-1.58,-1.64,-1.62
35.97,-2.28,-0.67,-2.34,-0.71,0.71,-1.57,-1.63,-1.61
36.33,-2.27,-0.67,-2.31,-0.69,0.69,-1.58,-1.62,-1.60
36.70,-2.25,-0.66,-2.27,-0.66,0.66,-1.59,-1.61,-1.59
37.06,-2.25,-0.67,-2.23,-0.63,0.63,-1.62,-1.60,-1.58
37.43,-2.25,-0.68,-2.19,-0.60,0.60,-1.65,-1.60,-1.57
37.81,-2.24,-0.67,-2.15,-0.57,0.57,-1.67,-1.59,-1.57
38.19,-2.20,-0.64,-2.11,-0.54,0.54,-1.66,-1.58,-1.56
38.57,-2.13,-0.58,-2.08,-0.51,0.51,-1.62,-1.57,-1.55
38.95,-2.05,-0.51,-2.04,-0.48,0.48,-1.57,-1.56,-1.54
39.34,-1.97,-0.43,-2.00,-0.45,0.45,-1.52,-1.55,-1.54
39.74,-1.91,-0.38,-1.97,-0.42,0.42,-1.49,-1.55,-1.53
40.14,-1.87,-0.34,-1.93,-0.39,0.39,-1.48,-1.54,-1.53
40.54,-1.84,-0.32,-1.90,-0.36,0.36,-1.48,-1.54,-1.52
40.94,-1.81,-0.29,-1.87,-0.33,0.33,-1.48,-1.53,-1.52
41.35,-1.80,-0.29,-1.84,-0.31,0.31,-1.49,-1.53,-1.51
41.76,-1.80,-0.29,-1.81,-0.28,0.28,-1.52,-1.53,-1.51
42.18,-1.80,-0.29,-1.78,-0.26,0.26,-1.54,-1.52,-1.51
42.60,-1.80,-0.29,-1.76,-0.23,0.23,-1.57,-1.53,-1.51
43.03,-1.79,-0.28,-1.74,-0.21,0.21,-1.58,-1.53,-1.51
43.46,-1.77,-0.26,-1.71,-0.18,0.18,-1.59,-1.54,-1.51
43.90,-1.73,-0.22,-1.69,-0.15,0.15,-1.58,-1.54,-1.51
44.33,-1.70,-0.19,-1.66,-0.12,0.12,-1.58,-1.54,-1.51
44.78,-1.67,-0.16,-1.63,-0.09,0.09,-1.58,-1.53,-1.51
45.23,-1.61,-0.09,-1.60,-0.07,0.07,-1.54,-1.53,-1.52
45.68,-1.55,-0.03,-1.57,-0.04,0.04,-1.51,-1.53,-1.52
46.13,-1.51,0.01,-1.55,-0.03,0.03,-1.48,-1.53,-1.52
46.60,-1.48,0.04,-1.54,-0.01,0.01,-1.47,-1.53,-1.53
47.06,-1.47,0.06,-1.53,-0.00,0.00,-1.47,-1.53,-1.53
47.53,-1.47,0.06,-1.53,0.00,-0.00,-1.47,-1.54,-1.53
48.01,-1.48,0.05,-1.54,0.01,-0.01,-1.49,-1.55,-1.53
48.49,-1.49,0.05,-1.55,0.00,-0.00,-1.49,-1.55,-1.54
48.97,-1.54,-0.00,-1.56,-0.00,0.00,-1.54,-1.56,-1.54
49.46,-1.59,-0.05,-1.57,-0.01,0.01,-1.58,-1.57,-1.54
49.96,-1.65,-0.11,-1.58,-0.01,0.01,-1.64,-1.57,-1.54
50.46,-1.68,-0.14,-1.59,-0.01,0.01,-1.67,-1.58,-1.54
50.96,-1.68,-0.14,-1.59,-0.01,0.01,-1.67,-1.58,-1.54
51.47,-1.67,-0.13,-1.58,0.00,-0.00,-1.67,-1.58,-1.54
51.99,-1.64,-0.11,-1.56,0.01,-0.01,-1.65,-1.57,-1.53
52.51,-1.59,-0.06,-1.54,0.02,-0.02,-1.61,-1.56,-1.53
53.03,-1.53,-0.00,-1.52,0.03,-0.03,-1.56,-1.55,-1.53
53.56,-1.49,0.03,-1.50,0.03,-0.03,-1.52,-1.54,-1.52
54.10,-1.46,0.06,-1.49,0.03,-0.03,-1.49,-1.53,-1.52
54.64,-1.42,0.09,-1.49,0.03,-0.03,-1.45,-1.52,-1.51
55.18,-1.39,0.12,-1.50,0.01,-0.01,-1.40,-1.51,-1.51
55.74,-1.38,0.12,-1.51,-0.00,0.00,-1.38,-1.51,-1.50
56.29,-1.39,0.11,-1.54,-0.03,0.03,-1.36,-1.51,-1.50
56.86,-1.47,0.02,-1.58,-0.06,0.06,-1.41,-1.52,-1.49
57.42,-1.58,-0.09,-1.63,-0.10,0.10,-1.48,-1.53,-1.49
58.00,-1.70,-0.21,-1.67,-0.13,0.13,-1.57,-1.54,-1.48
58.58,-1.80,-0.32,-1.70,-0.16,0.16,-1.64,-1.55,-1.48
59.16,-1.85,-0.37,-1.72,-0.18,0.18,-1.67,-1.55,-1.48
59.76,-1.88,-0.40,-1.74,-0.19,0.19,-1.69,-1.54,-1.48
60.35,-1.89,-0.41,-1.74,-0.20,0.20,-1.69,-1.54,-1.48
60.96,-1.89,-0.41,-1.74,-0.20,0.20,-1.69,-1.55,-1.48
61.57,-1.84,-0.36,-1.74,-0.19,0.19,-1.65,-1.55,-1.48
62.18,-1.78,-0.29,-1.72,-0.17,0.17,-1.61,-1.55,-1.49
62.80,-1.67,-0.17,-1.69,-0.15,0.15,-1.52,-1.55,-1.49
63.43,-1.55,-0.05,-1.66,-0.12,0.12,-1.43,-1.54,-1.50
64.07,-1.45,0.06,-1.63,-0.10,0.10,-1.35,-1.53,-1.51
64.71,-1.45,0.07,-1.61,-0.09,0.09,-1.36,-1.53,-1.52
65.35,-1.48,0.05,-1.61,-0.08,0.08,-1.40,-1.53,-1.53
66.01,-1.58,-0.04,-1.61,-0.08,0.08,-1.50,-1.54,-1.54
66.67,-1.65,-0.10,-1.63,-0.08,0.08,-1.57,-1.55,-1.55
67.33,-1.68,-0.12,-1.66,-0.09,0.09,-1.59,-1.56,-1.56
68.01,-1.70,-0.12,-1.69,-0.11,0.11,-1.59,-1.58,-1.58
68.69,-1.71,-0.12,-1.74,-0.14,0.14,-1.57,-1.60,-1.59
69.37,-1.79,-0.18,-1.79,-0.16,0.16,-1.63,-1.63,-1.61
70.07,-1.90,-0.28,-1.84,-0.19,0.19,-1.71,-1.65,-1.62
70.77,-1.97,-0.33,-1.89,-0.21,0.21,-1.76,-1.68,-1.64
71.48,-2.00,-0.34,-1.93,-0.23,0.23,-1.77,-1.69,-1.66
72.19,-2.00,-0.32,-1.95,-0.24,0.24,-1.76,-1.70,-1.68
72.91,-1.99,-0.29,-1.96,-0.25,0.25,-1.74,-1.71,-1.70
73.64,-1.98,-0.26,-1.97,-0.24,0.24,-1.74,-1.73,-1.72
74.38,-1.97,-0.23,-1.98,-0.23,0.23,-1.74,-1.75,-1.74
75.12,-1.96,-0.20,-1.99,-0.21,0.21,-1.75,-1.79,-1.76
75.87,-1.97,-0.18,-2.00,-0.18,0.18,-1.79,-1.82,-1.79
76.63,-1.98,-0.16,-2.00,-0.15,0.15,-1.83,-1.85,-1.82
77.40,-1.95,-0.10,-1.99,-0.11,0.11,-1.84,-1.88,-1.85
78.17,-1.92,-0.04,-1.97,-0.06,0.06,-1.86,-1.91,-1.88
78.95,-1.92,-0.00,-1.95,-0.00,0.00,-1.92,-1.95,-1.92
79.74,-1.95,0.00,-1.93,0.05,-0.05,-2.00,-1.98,-1.95
80.54,-2.03,-0.04,-1.91,0.10,-0.10,-2.13,-2.01,-1.99
81.35,-2.04,-0.00,-1.90,0.15,-0.15,-2.19,-2.05,-2.04
82.16,-2.00,0.08,-1.90,0.19,-0.19,-2.19,-2.10,-2.08
82.98,-1.94,0.19,-1.91,0.24,-0.24,-2.18,-2.15,-2.13
83.81,-1.87,0.31,-1.94,0.27,-0.27,-2.14,-2.21,-2.18
84.65,-1.85,0.39,-1.97,0.30,-0.30,-2.15,-2.27,-2.24
85.50,-1.85,0.44,-2.01,0.32,-0.32,-2.17,-2.33,-2.29
86.35,-1.88,0.47,-2.06,0.33,-0.33,-2.21,-2.39,-2.35
87.22,-1.95,0.45,-2.10,0.34,-0.34,-2.29,-2.44,-2.40
88.09,-2.09,0.37,-2.15,0.34,-0.34,-2.43,-2.49,-2.46
88.97,-2.26,0.25,-2.19,0.34,-0.34,-2.60,-2.53,-2.51
89.86,-2.38,0.18,-2.24,0.34,-0.34,-2.72,-2.58,-2.56
90.76,-2.47,0.14,-2.30,0.33,-0.33,-2.80,-2.63,-2.61
91.66,-2.51,0.15,-2.36,0.33,-0.33,-2.84,-2.69,-2.66
92.58,-2.52,0.19,-2.42,0.32,-0.32,-2.84,-2.75,-2.71
93.51,-2.50,0.25,-2.47,0.32,-0.32,-2.82,-2.79,-2.75
94.44,-2.48,0.31,-2.51,0.32,-0.32,-2.80,-2.83,-2.79
95.39,-2.46,0.37,-2.54,0.33,-0.33,-2.79,-2.87,-2.83
96.34,-2.48,0.39,-2.55,0.34,-0.34,-2.82,-2.89,-2.87
97.30,-2.52,0.39,-2.56,0.36,-0.36,-2.88,-2.92,-2.91
98.28,-2.56,0.39,-2.57,0.38,-0.38,-2.94,-2.95,-2.95
99.26,-2.60,0.38,-2.57,0.40,-0.40,-3.00,-2.98,-2.98
100.25,-2.61,0.41,-2.59,0.42,-0.42,-3.03,-3.02,-3.02
101.25,-2.61,0.45,-2.62,0.45,-0.45,-3.06,-3.06,-3.06
102.27,-2.58,0.51,-2.64,0.47,-0.47,-3.05,-3.12,-3.10
103.29,-2.57,0.56,-2.67,0.50,-0.50,-3.07,-3.17,-3.13
104.32,-2.61,0.56,-2.68,0.54,-0.54,-3.15,-3.22,-3.17
105.37,-2.66,0.54,-2.67,0.58,-0.58,-3.24,-3.25,-3.20
106.42,-2.73,0.50,-2.65,0.62,-0.62,-3.35,-3.27,-3.23
107.48,-2.76,0.50,-2.62,0.66,-0.66,-3.42,-3.28,-3.26
108.56,-2.76,0.53,-2.59,0.70,-0.70,-3.46,-3.30,-3.29
109.64,-2.73,0.58,-2.57,0.75,-0.75,-3.48,-3.32,-3.31
110.74,-2.68,0.65,-2.57,0.79,-0.79,-3.47,-3.36,-3.33
111.85,-2.55,0.80,-2.56,0.83,-0.83,-3.38,-3.39,-3.35
112.97,-2.41,0.95,-2.56,0.86,-0.86,-3.27,-3.42,-3.36
114.10,-2.30,1.07,-2.55,0.89,-0.89,-3.20,-3.44,-3.37
115.24,-2.28,1.10,-2.52,0.92,-0.92,-3.20,-3.44,-3.38
116.39,-2.31,1.08,-2.49,0.95,-0.95,-3.26,-3.44,-3.39
117.55,-2.46,0.94,-2.46,0.96,-0.96,-3.43,-3.43,-3.40
118.73,-2.59,0.82,-2.45,0.97,-0.97,-3.56,-3.42,-3.41
119.92,-2.68,0.73,-2.45,0.97,-0.97,-3.65,-3.42,-3.41
121.12,-2.71,0.71,-2.47,0.96,-0.96,-3.67,-3.43,-3.42
122.33,-2.66,0.76,-2.50,0.94,-0.94,-3.60,-3.45,-3.42
123.55,-2.51,0.92,-2.54,0.92,-0.92,-3.43,-3.46,-3.43
124.79,-2.41,1.02,-2.59,0.89,-0.89,-3.30,-3.48,-3.43
126.03,-2.37,1.07,-2.64,0.86,-0.86,-3.23,-3.49,-3.44
127.29,-2.43,1.01,-2.68,0.82,-0.82,-3.25,-3.50,-3.44
128.57,-2.66,0.79,-2.70,0.79,-0.79,-3.45,-3.49,-3.45
129.85,-2.81,0.64,-2.72,0.76,-0.76,-3.57,-3.48,-3.45
131.15,-2.88,0.57,-2.74,0.73,-0.73,-3.61,-3.47,-3.45
132.46,-2.91,0.55,-2.77,0.70,-0.70,-3.61,-3.47,-3.46
133.79,-2.89,0.57,-2.80,0.68,-0.68,-3.57,-3.48,-3.46
135.12,-2.87,0.60,-2.84,0.66,-0.66,-3.53,-3.50,-3.47
136.48,-2.87,0.60,-2.87,0.65,-0.65,-3.52,-3.52,-3.47
137.84,-2.87,0.61,-2.89,0.65,-0.65,-3.52,-3.55,-3.48
139.22,-2.87,0.62,-2.89,0.67,-0.67,-3.54,-3.56,-3.49
140.61,-2.86,0.63,-2.87,0.68,-0.68,-3.54,-3.55,-3.49
142.02,-2.85,0.65,-2.83,0.70,-0.70,-3.55,-3.53,-3.50
143.44,-2.87,0.64,-2.79,0.72,-0.72,-3.59,-3.51,-3.51
144.87,-2.88,0.65,-2.76,0.75,-0.75,-3.63,-3.51,-3.53
146.32,-2.82,0.72,-2.76,0.77,-0.77,-3.59,-3.53,-3.54
147.78,-2.75,0.80,-2.78,0.78,-0.78,-3.53,-3.57,-3.55
149.26,-2.68,0.89,-2.81,0.79,-0.79,-3.47,-3.61,-3.57
150.75,-2.66,0.93,-2.84,0.80,-0.80,-3.46,-3.64,-3.59
152.26,-2.65,0.95,-2.87,0.80,-0.80,-3.45,-3.67,-3.60
153.78,-2.68,0.94,-2.90,0.79,-0.79,-3.47,-3.69,-3.62
155.32,-2.80,0.84,-2.92,0.79,-0.79,-3.59,-3.71,-3.64
156.88,-3.04,0.62,-2.94,0.78,-0.78,-3.82,-3.72,-3.66
158.44,-3.21,0.47,-2.96,0.76,-0.76,-3.97,-3.73,-3.68
160.03,-3.30,0.39,-2.99,0.74,-0.74,-4.04,-3.73,-3.69
161.63,-3.30,0.41,-3.02,0.72,-0.72,-4.02,-3.75,-3.71
163.24,-3.21,0.51,-3.07,0.70,-0.70,-3.91,-3.77,-3.72
164.88,-3.06,0.68,-3.11,0.68,-0.68,-3.74,-3.79,-3.74
166.53,-2.99,0.76,-3.15,0.66,-0.66,-3.65,-3.80,-3.75
168.19,-2.96,0.80,-3.18,0.64,-0.64,-3.60,-3.82,-3.76
169.87,-3.01,0.75,-3.20,0.62,-0.62,-3.63,-3.82,-3.76
171.57,-3.06,0.70,-3.22,0.60,-0.60,-3.66,-3.83,-3.76
173.29,-3.12,0.64,-3.23,0.59,-0.59,-3.71,-3.82,-3.76
175.02,-3.23,0.53,-3.23,0.57,-0.57,-3.80,-3.80,-3.76
176.77,-3.34,0.42,-3.22,0.56,-0.56,-3.90,-3.78,-3.76
178.54,-3.38,0.37,-3.22,0.56,-0.56,-3.94,-3.78,-3.75
180.32,-3.39,0.36,-3.22,0.56,-0.56,-3.95,-3.78,-3.75
182.13,-3.33,0.41,-3.23,0.56,-0.56,-3.89,-3.79,-3.74
183.95,-3.29,0.44,-3.22,0.57,-0.57,-3.86,-3.80,-3.73
185.79,-3.26,0.46,-3.20,0.58,-0.58,-3.84,-3.79,-3.72
187.65,-3.21,0.50,-3.17,0.60,-0.60,-3.81,-3.77,-3.71
189.52,-3.13,0.58,-3.13,0.62,-0.62,-3.75,-3.75,-3.71
191.42,-2.98,0.72,-3.08,0.65,-0.65,-3.63,-3.73,-3.70
193.33,-2.90,0.79,-3.04,0.68,-0.68,-3.58,-3.71,-3.69
195.27,-2.88,0.80,-3.00,0.70,-0.70,-3.58,-3.70,-3.68
197.22,-2.93,0.75,-2.96,0.71,-0.71,-3.64,-3.68,-3.68
199.19,-2.96,0.71,-2.94,0.72,-0.72,-3.68,-3.66,-3.67
201.18,-2.94,0.73,-2.94,0.72,-0.72,-3.66,-3.66,-3.67
203.19,-2.92,0.74,-2.94,0.72,-0.72,-3.64,-3.66,-3.66
205.23,-2.91,0.75,-2.95,0.71,-0.71,-3.62,-3.66,-3.66
207.28,-2.96,0.70,-2.97,0.68,-0.68,-3.64,-3.65,-3.66
209.35,-3.04,0.61,-2.99,0.65,-0.65,-3.69,-3.65,-3.65
211.44,-3.07,0.58,-3.03,0.62,-0.62,-3.69,-3.65,-3.65
213.56,-3.09,0.55,-3.08,0.58,-0.58,-3.67,-3.66,-3.64
215.69,-3.11,0.53,-3.12,0.54,-0.54,-3.65,-3.66,-3.64
217.85,-3.12,0.51,-3.15,0.50,-0.50,-3.62,-3.65,-3.63
220.03,-3.18,0.45,-3.18,0.46,-0.46,-3.64,-3.64,-3.63
222.23,-3.22,0.40,-3.20,0.43,-0.43,-3.65,-3.63,-3.62
224.45,-3.21,0.40,-3.23,0.39,-0.39,-3.60,-3.62,-3.61
226.70,-3.22,0.38,-3.25,0.37,-0.37,-3.59,-3.62,-3.60
228.96,-3.29,0.30,-3.27,0.34,-0.34,-3.63,-3.61,-3.59
231.25,-3.34,0.24,-3.28,0.32,-0.32,-3.66,-3.59,-3.58
233.57,-3.37,0.20,-3.28,0.30,-0.30,-3.67,-3.58,-3.57
235.90,-3.34,0.22,-3.28,0.28,-0.28,-3.62,-3.56,-3.56
238.26,-3.27,0.28,-3.28,0.27,-0.27,-3.54,-3.55,-3.55
240.64,-3.23,0.30,-3.29,0.25,-0.25,-3.48,-3.54,-3.53
243.05,-3.21,0.31,-3.28,0.24,-0.24,-3.45,-3.53,-3.52
245.48,-3.25,0.25,-3.28,0.23,-0.23,-3.48,-3.51,-3.50
247.93,-3.30,0.19,-3.28,0.22,-0.22,-3.52,-3.50,-3.49
250.41,-3.28,0.19,-3.28,0.21,-0.21,-3.49,-3.49,-3.47
252.92,-3.25,0.21,-3.28,0.20,-0.20,-3.45,-3.47,-3.46
255.45,-3.25,0.20,-3.27,0.19,-0.19,-3.44,-3.46,-3.45
258.00,-3.25,0.19,-3.28,0.18,-0.18,-3.43,-3.45,-3.44
260.58,-3.30,0.13,-3.27,0.17,-0.17,-3.47,-3.44,-3.43
263.19,-3.32,0.10,-3.27,0.15,-0.15,-3.47,-3.43,-3.42
265.82,-3.31,0.10,-3.28,0.14,-0.14,-3.45,-3.42,-3.41
268.48,-3.30,0.10,-3.28,0.12,-0.12,-3.42,-3.40,-3.40
271.16,-3.30,0.09,-3.29,0.10,-0.10,-3.40,-3.39,-3.39
273.87,-3.30,0.08,-3.30,0.08,-0.08,-3.38,-3.38,-3.38
276.61,-3.30,0.07,-3.31,0.05,-0.05,-3.35,-3.36,-3.37
279.38,-3.30,0.05,-3.32,0.03,-0.03,-3.33,-3.35,-3.35
282.17,-3.30,0.04,-3.33,0.00,-0.00,-3.30,-3.34,-3.34
284.99,-3.26,0.06,-3.35,-0.02,0.02,-3.24,-3.32,-3.32
287.84,-3.23,0.07,-3.36,-0.05,0.05,-3.18,-3.31,-3.30
290.72,-3.38,-0.10,-3.38,-0.07,0.07,-3.31,-3.31,-3.28
293.63,-3.45,-0.19,-3.38,-0.09,0.09,-3.36,-3.30,-3.26
296.57,-3.47,-0.23,-3.38,-0.10,0.10,-3.37,-3.28,-3.24
299.53,-3.43,-0.21,-3.36,-0.10,0.10,-3.33,-3.26,-3.22
302.53,-3.38,-0.18,-3.34,-0.10,0.10,-3.28,-3.25,-3.20
305.55,-3.32,-0.14,-3.31,-0.09,0.09,-3.23,-3.23,-3.18
308.61,-3.32,-0.15,-3.28,-0.07,0.07,-3.25,-3.21,-3.17
311.69,-3.33,-0.18,-3.24,-0.05,0.05,-3.28,-3.19,-3.15
314.81,-3.31,-0.17,-3.20,-0.04,0.04,-3.27,-3.17,-3.14
317.96,-3.23,-0.10,-3.17,-0.02,0.02,-3.21,-3.15,-3.13
321.14,-3.06,0.05,-3.13,0.00,-0.00,-3.06,-3.13,-3.11
324.35,-2.89,0.21,-3.09,0.02,-0.02,-2.91,-3.10,-3.10
327.59,-2.93,0.15,-3.06,0.02,-0.02,-2.95,-3.08,-3.08
330.87,-2.96,0.11,-3.05,0.02,-0.02,-2.98,-3.06,-3.07
334.18,-2.96,0.09,-3.04,0.01,-0.01,-2.97,-3.05,-3.05
337.52,-2.99,0.03,-3.04,-0.01,0.01,-2.98,-3.03,-3.02
340.90,-3.05,-0.05,-3.04,-0.03,0.03,-3.02,-3.01,-3.00
344.30,-3.10,-0.13,-3.04,-0.06,0.06,-3.04,-2.98,-2.97
347.75,-3.13,-0.19,-3.04,-0.09,0.09,-3.04,-2.96,-2.94
351.23,-3.13,-0.21,-3.05,-0.12,0.12,-3.01,-2.93,-2.92
354.74,-3.12,-0.23,-3.07,-0.16,0.16,-2.96,-2.91,-2.89
358.28,-3.13,-0.27,-3.09,-0.19,0.19,-2.94,-2.90,-2.86
361.87,-3.14,-0.30,-3.10,-0.22,0.22,-2.92,-2.87,-2.84
365.49,-3.10,-0.29,-3.09,-0.25,0.25,-2.85,-2.84,-2.81
369.14,-3.07,-0.28,-3.09,-0.27,0.27,-2.80,-2.82,-2.79
372.83,-3.02,-0.25,-3.08,-0.28,0.28,-2.74,-2.80,-2.77
376.56,-2.99,-0.24,-3.06,-0.29,0.29,-2.70,-2.77,-2.75
380.33,-2.98,-0.25,-3.04,-0.29,0.29,-2.69,-2.75,-2.73
384.13,-2.99,-0.27,-3.02,-0.28,0.28,-2.71,-2.74,-2.72
387.97,-3.03,-0.32,-3.00,-0.27,0.27,-2.76,-2.73,-2.71
391.85,-3.02,-0.32,-2.98,-0.25,0.25,-2.77,-2.72,-2.70
395.77,-2.98,-0.28,-2.95,-0.23,0.23,-2.75,-2.72,-2.70
399.73,-2.95,-0.26,-2.92,-0.20,0.20,-2.75,-2.71,-2.69
403.72,-2.93,-0.24,-2.88,-0.18,0.18,-2.75,-2.70,-2.69
407.76,-2.89,-0.20,-2.85,-0.16,0.16,-2.73,-2.69,-2.69
411.84,-2.84,-0.15,-2.82,-0.14,0.14,-2.70,-2.68,-2.69
415.96,-2.77,-0.08,-2.79,-0.11,0.11,-2.66,-2.68,-2.69
420.12,-2.77,-0.09,-2.78,-0.10,0.10,-2.67,-2.68,-2.68
424.32,-2.76,-0.08,-2.76,-0.08,0.08,-2.68,-2.69,-2.68
428.56,-2.70,-0.02,-2.76,-0.07,0.07,-2.63,-2.69,-2.68
432.85,-2.62,0.05,-2.75,-0.06,0.06,-2.56,-2.70,-2.67
437.18,-2.60,0.06,-2.75,-0.05,0.05,-2.55,-2.70,-2.66
441.55,-2.63,0.03,-2.73,-0.04,0.04,-2.59,-2.69,-2.66
445.96,-2.74,-0.09,-2.71,-0.03,0.03,-2.71,-2.68,-2.65
450.42,-2.79,-0.15,-2.69,-0.02,0.02,-2.77,-2.67,-2.64
454.93,-2.84,-0.21,-2.67,-0.02,0.02,-2.82,-2.66,-2.63
459.48,-2.84,-0.22,-2.66,-0.01,0.01,-2.83,-2.65,-2.62
464.07,-2.83,-0.22,-2.66,-0.00,0.00,-2.83,-2.65,-2.61
468.71,-2.73,-0.12,-2.65,-0.00,0.00,-2.73,-2.65,-2.61
473.40,-2.63,-0.03,-2.65,0.00,-0.00,-2.63,-2.65,-2.60
478.13,-2.55,0.06,-2.65,0.01,-0.01,-2.56,-2.65,-2.61
482.91,-2.40,0.21,-2.65,0.01,-0.01,-2.41,-2.66,-2.61
487.74,-2.40,0.21,-2.66,0.00,-0.00,-2.40,-2.66,-2.61
492.62,-2.54,0.08,-2.66,-0.00,0.00,-2.54,-2.66,-2.62
497.55,-2.69,-0.06,-2.66,-0.02,0.02,-2.67,-2.65,-2.63
502.52,-2.75,-0.12,-2.66,-0.03,0.03,-2.72,-2.63,-2.63
507.55,-2.77,-0.14,-2.67,-0.06,0.06,-2.71,-2.61,-2.63
512.62,-2.76,-0.13,-2.69,-0.08,0.08,-2.68,-2.61,-2.63
517.75,-2.75,-0.13,-2.71,-0.11,0.11,-2.64,-2.61,-2.62
522.93,-2.80,-0.19,-2.75,-0.14,0.14,-2.66,-2.61,-2.61
528.16,-2.85,-0.26,-2.78,-0.17,0.17,-2.68,-2.61,-2.59
533.44,-2.85,-0.28,-2.81,-0.20,0.20,-2.65,-2.60,-2.57
538.77,-2.80,-0.26,-2.82,-0.23,0.23,-2.57,-2.59,-2.54
544.16,-2.70,-0.18,-2.81,-0.26,0.26,-2.44,-2.55,-2.52
549.60,-2.69,-0.21,-2.78,-0.27,0.27,-2.42,-2.51,-2.48
555.10,-2.70,-0.25,-2.76,-0.28,0.28,-2.42,-2.47,-2.45
560.65,-2.79,-0.37,-2.74,-0.29,0.29,-2.50,-2.44,-2.42
566.25,-2.84,-0.45,-2.71,-0.30,0.30,-2.54,-2.41,-2.39
571.92,-2.78,-0.42,-2.69,-0.31,0.31,-2.47,-2.38,-2.36
577.64,-2.72,-0.38,-2.66,-0.31,0.31,-2.41,-2.35,-2.34
583.41,-2.65,-0.33,-2.64,-0.31,0.31,-2.34,-2.33,-2.32
589.25,-2.58,-0.27,-2.63,-0.31,0.31,-2.27,-2.32,-2.31
595.14,-2.49,-0.20,-2.62,-0.31,0.31,-2.18,-2.32,-2.29
601.09,-2.51,-0.22,-2.63,-0.31,0.31,-2.20,-2.32,-2.29
607.10,-2.59,-0.31,-2.63,-0.31,0.31,-2.28,-2.32,-2.28
613.17,-2.60,-0.32,-2.63,-0.31,0.31,-2.29,-2.31,-2.28
619.30,-2.58,-0.31,-2.61,-0.32,0.32,-2.26,-2.30,-2.27
625.50,-2.56,-0.29,-2.60,-0.32,0.32,-2.24,-2.28,-2.27
631.75,-2.58,-0.32,-2.58,-0.32,0.32,-2.26,-2.26,-2.26
638.07,-2.70,-0.45,-2.57,-0.33,0.33,-2.37,-2.24,-2.25
644.45,-2.71,-0.47,-2.56,-0.33,0.33,-2.38,-2.23,-2.24
650.89,-2.69,-0.47,-2.56,-0.34,0.34,-2.35,-2.22,-2.22
657.40,-2.63,-0.44,-2.55,-0.35,0.35,-2.28,-2.20,-2.19
663.98,-2.54,-0.37,-2.54,-0.36,0.36,-2.18,-2.18,-2.17
670.62,-2.42,-0.28,-2.51,-0.37,0.37,-2.05,-2.14,-2.14
677.32,-2.33,-0.22,-2.48,-0.38,0.38,-1.95,-2.11,-2.11
684.10,-2.31,-0.24,-2.46,-0.38,0.38,-1.93,-2.08,-2.07
690.94,-2.34,-0.30,-2.45,-0.38,0.38,-1.96,-2.07,-2.04
697.85,-2.38,-0.38,-2.43,-0.39,0.39,-1.99,-2.04,-2.00
704.83,-2.43,-0.46,-2.38,-0.38,0.38,-2.05,-2.00,-1.97
711.87,-2.43,-0.50,-2.33,-0.37,0.37,-2.06,-1.96,-1.93
718.99,-2.38,-0.48,-2.28,-0.35,0.35,-2.03,-1.93,-1.90
726.18,-2.26,-0.38,-2.23,-0.32,0.32,-1.94,-1.91,-1.88
733.44,-2.22,-0.37,-2.18,-0.29,0.29,-1.93,-1.89,-1.85
740.78,-2.21,-0.38,-2.12,-0.24,0.24,-1.97,-1.88,-1.83
748.19,-2.16,-0.34,-2.06,-0.19,0.19,-1.97,-1.87,-1.82
755.67,-2.07,-0.26,-1.98,-0.13,0.13,-1.94,-1.85,-1.81
763.23,-1.90,-0.10,-1.89,-0.06,0.06,-1.84,-1.83,-1.80
770.86,-1.63,0.17,-1.80,0.02,-0.02,-1.65,-1.82,-1.80
778.57,-1.55,0.25,-1.71,0.10,-0.10,-1.65,-1.81,-1.80
786.35,-1.54,0.26,-1.62,0.18,-0.18,-1.72,-1.80,-1.80
794.22,-1.54,0.26,-1.54,0.26,-0.26,-1.80,-1.80,-1.80
802.16,-1.44,0.37,-1.45,0.35,-0.35,-1.79,-1.80,-1.81
810.18,-1.36,0.45,-1.37,0.43,-0.43,-1.79,-1.80,-1.81
818.28,-1.31,0.51,-1.28,0.52,-0.52,-1.83,-1.81,-1.82
826.46,-1.26,0.56,-1.21,0.61,-0.61,-1.87,-1.81,-1.82
834.73,-1.16,0.67,-1.14,0.69,-0.69,-1.85,-1.83,-1.83
843.08,-1.09,0.74,-1.07,0.78,-0.78,-1.87,-1.85,-1.83
851.51,-1.03,0.81,-1.00,0.87,-0.87,-1.90,-1.86,-1.84
860.02,-0.94,0.91,-0.92,0.95,-0.95,-1.89,-1.87,-1.85
868.62,-0.83,1.02,-0.83,1.04,-1.04,-1.87,-1.88,-1.85
877.31,-0.72,1.14,-0.74,1.13,-1.13,-1.85,-1.87,-1.86
886.08,-0.64,1.22,-0.65,1.22,-1.22,-1.86,-1.87,-1.86
894.94,-0.59,1.28,-0.56,1.31,-1.31,-1.90,-1.87,-1.87
903.89,-0.52,1.35,-0.47,1.39,-1.39,-1.91,-1.87,-1.87
912.93,-0.43,1.45,-0.39,1.48,-1.48,-1.91,-1.87,-1.88
922.06,-0.28,1.60,-0.32,1.55,-1.55,-1.83,-1.87,-1.88
931.28,-0.19,1.70,-0.26,1.63,-1.63,-1.82,-1.89,-1.89
940.59,-0.13,1.76,-0.20,1.69,-1.69,-1.82,-1.90,-1.89
950.00,-0.11,1.78,-0.15,1.75,-1.75,-1.86,-1.90,-1.89
959.50,-0.07,1.82,-0.09,1.81,-1.81,-1.88,-1.90,-1.89
969.09,-0.02,1.86,-0.04,1.85,-1.85,-1.87,-1.89,-1.88
978.78,0.01,1.88,0.01,1.88,-1.88,-1.87,-1.88,-1.87
988.57,-0.00,1.86,0.05,1.91,-1.91,-1.91,-1.86,-1.86
998.46,-0.00,1.84,0.09,1.92,-1.92,-1.92,-1.83,-1.84
1008.44,0.00,1.82,0.12,1.93,-1.93,-1.93,-1.81,-1.82
1018.53,0.05,1.84,0.14,1.91,-1.91,-1.86,-1.78,-1.79
1028.71,0.11,1.86,0.15,1.89,-1.89,-1.78,-1.74,-1.75
1039.00,0.19,1.91,0.15,1.85,-1.85,-1.66,-1.70,-1.72
1049.39,0.27,1.95,0.14,1.80,-1.80,-1.53,-1.66,-1.68
1059.88,0.24,1.88,0.12,1.73,-1.73,-1.49,-1.61,-1.64
1070.48,0.21,1.80,0.08,1.65,-1.65,-1.44,-1.57,-1.59
1081.19,0.11,1.65,0.03,1.55,-1.55,-1.44,-1.53,-1.54
1092.00,0.02,1.51,-0.03,1.45,-1.45,-1.43,-1.48,-1.49
1102.92,-0.07,1.36,-0.10,1.34,-1.34,-1.41,-1.44,-1.43
1113.95,-0.16,1.22,-0.17,1.23,-1.23,-1.39,-1.40,-1.38
1125.09,-0.23,1.10,-0.24,1.12,-1.12,-1.35,-1.35,-1.33
1136.34,-0.33,0.94,-0.30,1.01,-1.01,-1.34,-1.31,-1.27
1147.70,-0.44,0.78,-0.36,0.91,-0.91,-1.35,-1.28,-1.22
1159.18,-0.51,0.65,-0.41,0.83,-0.83,-1.34,-1.24,-1.16
1170.77,-0.55,0.56,-0.44,0.76,-0.76,-1.31,-1.19,-1.11
1182.48,-0.54,0.52,-0.44,0.71,-0.71,-1.25,-1.15,-1.06
1194.30,-0.49,0.51,-0.42,0.68,-0.68,-1.17,-1.10,-1.00
1206.25,-0.42,0.54,-0.37,0.68,-0.68,-1.10,-1.05,-0.96
1218.31,-0.28,0.63,-0.30,0.70,-0.70,-0.98,-1.00,-0.91
1230.49,-0.18,0.69,-0.21,0.74,-0.74,-0.92,-0.95,-0.87
1242.80,-0.09,0.74,-0.10,0.80,-0.80,-0.89,-0.89,-0.83
1255.22,0.01,0.80,0.04,0.87,-0.87,-0.86,-0.83,-0.79
1267.78,0.15,0.90,0.18,0.96,-0.96,-0.81,-0.78,-0.75
1280.45,0.30,1.02,0.33,1.06,-1.06,-0.76,-0.73,-0.72
1293.26,0.44,1.12,0.48,1.17,-1.17,-0.73,-0.69,-0.68
1306.19,0.59,1.23,0.62,1.27,-1.27,-0.68,-0.65,-0.64
1319.25,0.78,1.38,0.76,1.37,-1.37,-0.59,-0.61,-0.60
1332.45,0.88,1.44,0.89,1.45,-1.45,-0.57,-0.56,-0.56
1345.77,1.05,1.56,1.02,1.52,-1.52,-0.47,-0.50,-0.51
1359.23,1.24,1.71,1.13,1.56,-1.56,-0.32,-0.44,-0.47
1372.82,1.25,1.67,1.21,1.58,-1.58,-0.33,-0.37,-0.42
1386.55,1.25,1.62,1.27,1.56,-1.56,-0.31,-0.29,-0.37
1400.41,1.22,1.54,1.28,1.51,-1.51,-0.29,-0.23,-0.32
1414.42,1.22,1.48,1.24,1.42,-1.42,-0.20,-0.18,-0.26
1428.56,1.26,1.47,1.16,1.30,-1.30,-0.04,-0.14,-0.21
1442.85,1.26,1.41,1.04,1.15,-1.15,0.11,-0.11,-0.15
1457.28,1.16,1.25,0.89,0.97,-0.97,0.19,-0.08,-0.09
1471.85,1.04,1.07,0.73,0.76,-0.76,0.28,-0.04,-0.03
1486.57,0.70,0.66,0.55,0.54,-0.54,0.16,0.02,0.04
1501.43,0.33,0.23,0.36,0.30,-0.30,0.03,0.07,0.10
1516.45,0.12,-0.04,0.18,0.05,-0.05,0.07,0.13,0.16
1531.61,-0.17,-0.40,-0.00,-0.20,0.20,0.03,0.19,0.23
1546.93,-0.59,-0.89,-0.18,-0.43,0.43,-0.16,0.25,0.30
1562.40,-0.68,-1.05,-0.36,-0.66,0.66,-0.02,0.30,0.37
1578.02,-0.71,-1.15,-0.53,-0.86,0.86,0.15,0.34,0.44
1593.80,-0.66,-1.18,-0.67,-1.05,1.05,0.39,0.38,0.52
1609.74,-0.63,-1.23,-0.76,-1.21,1.21,0.58,0.45,0.60
1625.84,-0.65,-1.33,-0.82,-1.36,1.36,0.71,0.54,0.68
1642.10,-0.72,-1.49,-0.84,-1.48,1.48,0.76,0.65,0.77
1658.52,-0.82,-1.68,-0.82,-1.58,1.58,0.76,0.77,0.86
1675.10,-0.83,-1.79,-0.78,-1.67,1.67,0.84,0.89,0.96
1691.85,-0.84,-1.90,-0.75,-1.74,1.74,0.90,1.00,1.06
1708.77,-0.82,-1.99,-0.69,-1.80,1.80,0.98,1.12,1.17
1725.86,-0.75,-2.03,-0.62,-1.85,1.85,1.10,1.24,1.28
1743.12,-0.52,-1.92,-0.57,-1.90,1.90,1.38,1.33,1.40
1760.55,-0.30,-1.83,-0.50,-1.93,1.93,1.63,1.43,1.53
1778.15,-0.21,-1.87,-0.42,-1.96,1.96,1.75,1.54,1.66
1795.94,-0.23,-2.03,-0.32,-1.99,1.99,1.76,1.67,1.80
1813.90,-0.20,-2.14,-0.19,-2.02,2.02,1.82,1.83,1.94
1832.03,-0.11,-2.20,-0.06,-2.04,2.04,1.93,1.98,2.09
1850.36,-0.03,-2.28,0.08,-2.06,2.06,2.03,2.15,2.25
1868.86,0.12,-2.29,0.23,-2.08,2.08,2.20,2.31,2.41
1887.55,0.38,-2.21,0.40,-2.09,2.09,2.47,2.49,2.59
1906.42,0.48,-2.28,0.58,-2.10,2.10,2.58,2.68,2.76
1925.49,0.69,-2.26,0.76,-2.10,2.10,2.79,2.86,2.95
1944.74,1.03,-2.11,0.94,-2.09,2.09,3.12,3.04,3.14
1964.19,1.20,-2.13,1.14,-2.09,2.09,3.29,3.23,3.33
1983.83,1.43,-2.09,1.36,-2.08,2.08,3.51,3.43,3.52
2003.67,1.57,-2.15,1.58,-2.06,2.06,3.63,3.64,3.72
2023.71,1.71,-2.21,1.81,-2.04,2.04,3.75,3.85,3.92
2043.94,2.14,-1.98,2.04,-2.01,2.01,4.15,4.05,4.12
2064.38,2.33,-1.99,2.26,-1.98,1.98,4.31,4.23,4.32
2085.03,2.61,-1.91,2.47,-1.93,1.93,4.54,4.41,4.52
2105.88,2.72,-2.00,2.69,-1.88,1.88,4.60,4.58,4.72
2126.94,2.89,-2.02,2.93,-1.82,1.82,4.71,4.75,4.91
2148.20,3.15,-1.94,3.17,-1.75,1.75,4.90,4.92,5.09
2169.69,3.33,-1.94,3.42,-1.67,1.67,5.00,5.09,5.27
2191.38,3.63,-1.81,3.68,-1.58,1.58,5.21,5.26,5.44
2213.30,3.92,-1.68,3.95,-1.48,1.48,5.40,5.43,5.60
2235.43,4.16,-1.60,4.24,-1.37,1.37,5.53,5.61,5.76
2257.78,4.34,-1.58,4.52,-1.26,1.26,5.60,5.78,5.92
2280.36,4.65,-1.42,4.78,-1.14,1.14,5.79,5.93,6.07
2303.17,5.14,-1.07,5.07,-1.02,1.02,6.16,6.09,6.21
2326.20,5.48,-0.88,5.35,-0.90,0.90,6.38,6.25,6.36
2349.46,5.75,-0.75,5.64,-0.78,0.78,6.53,6.42,6.50
2372.95,6.03,-0.61,5.92,-0.67,0.67,6.70,6.59,6.64
2396.68,6.26,-0.51,6.19,-0.55,0.55,6.81,6.74,6.77
2420.65,6.47,-0.44,6.44,-0.45,0.45,6.92,6.89,6.91
2444.86,6.74,-0.30,6.69,-0.34,0.34,7.08,7.03,7.04
2469.31,6.88,-0.29,6.92,-0.24,0.24,7.12,7.16,7.17
2494.00,7.04,-0.26,7.15,-0.14,0.14,7.18,7.30,7.30
2518.94,7.30,-0.12,7.37,-0.05,0.05,7.35,7.42,7.42
2544.13,7.56,0.03,7.57,0.04,-0.04,7.52,7.53,7.53
2569.57,7.75,0.11,7.75,0.13,-0.13,7.62,7.62,7.64
2595.27,7.90,0.16,7.93,0.21,-0.21,7.69,7.72,7.74
2621.22,8.07,0.25,8.10,0.29,-0.29,7.78,7.80,7.82
2647.43,8.20,0.30,8.25,0.37,-0.37,7.83,7.88,7.90
2673.90,8.40,0.44,8.40,0.45,-0.45,7.95,7.95,7.96
2700.64,8.58,0.57,8.52,0.53,-0.53,8.05,8.00,8.01
2727.65,8.69,0.64,8.63,0.60,-0.60,8.09,8.03,8.05
2754.93,8.76,0.69,8.72,0.66,-0.66,8.10,8.06,8.07
2782.48,8.80,0.72,8.79,0.72,-0.72,8.08,8.07,8.08
2810.30,8.82,0.75,8.83,0.77,-0.77,8.05,8.06,8.07
2838.40,8.83,0.79,8.84,0.81,-0.81,8.02,8.03,8.04
2866.79,8.84,0.85,8.82,0.84,-0.84,8.00,7.98,7.99
2895.46,8.78,0.85,8.78,0.85,-0.85,7.93,7.92,7.93
2924.41,8.70,0.84,8.71,0.86,-0.86,7.84,7.85,7.86
2953.65,8.59,0.82,8.61,0.85,-0.85,7.74,7.76,7.77
2983.19,8.49,0.82,8.49,0.84,-0.84,7.65,7.65,7.67
3013.02,8.40,0.84,8.34,0.80,-0.80,7.60,7.54,7.56
3043.15,8.24,0.79,8.18,0.74,-0.74,7.50,7.44,7.45
3073.58,7.99,0.67,7.99,0.65,-0.65,7.34,7.34,7.32
3104.32,7.68,0.49,7.76,0.53,-0.53,7.15,7.24,7.19
3135.36,7.44,0.38,7.53,0.38,-0.38,7.06,7.14,7.06
3166.72,7.18,0.26,7.26,0.22,-0.22,6.96,7.05,6.92
3198.38,6.95,0.18,6.96,0.04,-0.04,6.91,6.93,6.77
3230.37,6.64,0.02,6.62,-0.15,0.15,6.79,6.77,6.62
3262.67,6.31,-0.16,6.24,-0.36,0.36,6.67,6.59,6.47
3295.30,5.91,-0.41,5.82,-0.56,0.56,6.47,6.38,6.32
3328.25,5.50,-0.67,5.34,-0.76,0.76,6.26,6.11,6.17
3361.53,5.09,-0.93,4.83,-0.96,0.96,6.05,5.79,6.02
3395.15,4.44,-1.42,4.30,-1.14,1.14,5.58,5.45,5.86
3429.10,3.97,-1.74,3.76,-1.31,1.31,5.28,5.07,5.71
3463.39,3.56,-1.99,3.18,-1.46,1.46,5.02,4.64,5.55
3498.03,2.78,-2.61,2.61,-1.57,1.57,4.35,4.19,5.39
3533.01,2.02,-3.20,2.08,-1.66,1.66,3.68,3.74,5.22
3568.34,1.44,-3.62,1.60,-1.71,1.71,3.15,3.32,5.06
3604.02,1.10,-3.81,1.21,-1.73,1.73,2.83,2.94,4.91
3640.06,0.49,-4.28,0.89,-1.71,1.71,2.20,2.60,4.77
3676.46,0.12,-4.51,0.67,-1.65,1.65,1.77,2.33,4.63
3713.22,0.10,-4.41,0.54,-1.57,1.57,1.67,2.11,4.51
3750.36,0.07,-4.32,0.49,-1.46,1.46,1.53,1.95,4.39
3787.86,0.05,-4.23,0.53,-1.34,1.34,1.39,1.87,4.28
3825.74,0.23,-3.94,0.63,-1.21,1.21,1.44,1.84,4.17
3864.00,0.82,-3.24,0.80,-1.06,1.06,1.88,1.85,4.06
3902.64,1.31,-2.64,1.02,-0.90,0.90,2.21,1.91,3.95
3941.66,1.69,-2.15,1.25,-0.73,0.73,2.42,1.99,3.84
3981.08,1.94,-1.78,1.48,-0.57,0.57,2.51,2.05,3.72
4020.89,2.08,-1.52,1.69,-0.43,0.43,2.51,2.12,3.60
4061.10,2.18,-1.28,1.89,-0.30,0.30,2.48,2.19,3.46
4101.71,2.23,-1.09,2.04,-0.18,0.18,2.41,2.22,3.32
4142.73,2.27,-0.89,2.14,-0.08,0.08,2.35,2.22,3.16
4184.15,2.29,-0.69,2.22,0.01,-0.01,2.28,2.20,2.98
4226.00,2.29,-0.51,2.25,0.10,-0.10,2.19,2.15,2.80
4268.26,2.19,-0.42,2.25,0.18,-0.18,2.01,2.07,2.61
4310.94,2.10,-0.31,2.22,0.27,-0.27,1.83,1.95,2.41
4354.05,2.01,-0.19,2.19,0.35,-0.35,1.66,1.83,2.20
4397.59,2.02,0.01,2.17,0.45,-0.45,1.57,1.72,2.01
4441.56,2.04,0.23,2.17,0.56,-0.56,1.48,1.61,1.81
4485.98,2.11,0.48,2.18,0.69,-0.69,1.42,1.49,1.63
4530.84,2.20,0.74,2.21,0.83,-0.83,1.37,1.38,1.46
4576.15,2.31,1.00,2.27,1.00,-1.00,1.31,1.27,1.31
4621.91,2.40,1.24,2.35,1.20,-1.20,1.20,1.16,1.16
4668.13,2.47,1.45,2.45,1.41,-1.41,1.06,1.04,1.02
4714.81,2.55,1.66,2.56,1.65,-1.65,0.90,0.92,0.89
4761.96,2.66,1.88,2.70,1.90,-1.90,0.76,0.80,0.78
4809.58,2.80,2.12,2.85,2.16,-2.16,0.64,0.68,0.68
4857.67,2.97,2.38,3.00,2.43,-2.43,0.54,0.57,0.59
4906.25,3.15,2.63,3.17,2.70,-2.70,0.45,0.47,0.52
4955.31,3.34,2.88,3.36,2.96,-2.96,0.38,0.40,0.46
5004.87,3.54,3.12,3.55,3.20,-3.20,0.34,0.35,0.42
5054.91,3.75,3.36,3.75,3.42,-3.42,0.33,0.33,0.39
5105.46,3.87,3.48,3.96,3.63,-3.63,0.24,0.33,0.39
5156.52,3.98,3.58,4.17,3.81,-3.81,0.17,0.36,0.40
5208.08,4.16,3.72,4.37,3.94,-3.94,0.22,0.43,0.44
5260.16,4.46,3.95,4.53,3.97,-3.97,0.49,0.56,0.51
5312.77,4.63,4.03,4.68,3.91,-3.91,0.72,0.76,0.60
5365.89,4.80,4.07,4.80,3.77,-3.77,1.03,1.03,0.73
5419.55,4.89,4.00,4.88,3.55,-3.55,1.34,1.32,0.89
5473.75,4.94,3.87,4.87,3.28,-3.28,1.66,1.60,1.07
5528.49,4.83,3.56,4.76,2.95,-2.95,1.88,1.81,1.27
5583.77,4.67,3.18,4.54,2.58,-2.58,2.09,1.96,1.49
5639.61,4.47,2.75,4.20,2.19,-2.19,2.28,2.02,1.72
5696.00,4.00,2.05,3.72,1.78,-1.78,2.22,1.94,1.95
5752.96,3.47,1.28,3.09,1.37,-1.37,2.10,1.72,2.19
5810.49,2.85,0.43,2.33,0.97,-0.97,1.88,1.36,2.42
5868.60,2.48,-0.16,1.46,0.60,-0.60,1.88,0.86,2.64
5927.28,1.43,-1.41,0.50,0.27,-0.27,1.16,0.23,2.84
5986.56,0.12,-2.89,-0.49,-0.03,0.03,0.15,-0.47,3.01
6046.42,-1.36,-4.52,-1.41,-0.27,0.27,-1.09,-1.14,3.16
6106.89,-2.41,-5.68,-2.20,-0.45,0.45,-1.96,-1.75,3.27
6167.96,-3.29,-6.63,-2.85,-0.58,0.58,-2.71,-2.28,3.34
6229.64,-4.32,-7.69,-3.32,-0.65,0.65,-3.67,-2.67,3.37
6291.93,-5.06,-8.43,-3.60,-0.68,0.68,-4.38,-2.92,3.37
6354.85,-5.26,-8.59,-3.70,-0.71,0.71,-4.55,-2.99,3.33
6418.40,-5.13,-8.38,-3.64,-0.74,0.74,-4.39,-2.90,3.25
6482.58,-4.71,-7.86,-3.43,-0.77,0.77,-3.94,-2.65,3.15
6547.41,-3.79,-6.80,-3.08,-0.83,0.83,-2.96,-2.26,3.01
6612.88,-2.33,-5.18,-2.61,-0.85,0.85,-1.48,-1.76,2.85
6679.01,-0.71,-3.37,-2.05,-0.84,0.84,0.13,-1.21,2.66
6745.80,0.00,-2.45,-1.45,-0.79,0.79,0.79,-0.66,2.45
6813.26,0.47,-1.76,-0.87,-0.71,0.71,1.18,-0.16,2.23
6881.39,0.92,-1.07,-0.31,-0.59,0.59,1.51,0.28,1.99
6950.21,0.87,-0.87,0.21,-0.44,0.44,1.31,0.65,1.74
7019.71,0.81,-0.67,0.65,-0.25,0.25,1.06,0.89,1.48
7089.91,0.78,-0.45,0.99,-0.02,0.02,0.80,1.01,1.23
7160.81,0.76,-0.21,1.24,0.24,-0.24,0.52,1.00,0.97
7232.41,0.83,0.10,1.40,0.52,-0.52,0.31,0.89,0.73
7304.74,0.97,0.46,1.50,0.82,-0.82,0.15,0.68,0.51
7377.79,1.23,0.93,1.55,1.12,-1.12,0.11,0.43,0.30
7451.56,1.46,1.33,1.62,1.42,-1.42,0.04,0.20,0.13
7526.08,1.64,1.66,1.76,1.71,-1.71,-0.07,0.05,-0.02
7601.34,1.92,2.04,1.91,1.95,-1.95,-0.03,-0.04,-0.12
7677.35,2.24,2.41,2.09,2.15,-2.15,0.09,-0.06,-0.17
7754.13,2.48,2.64,2.28,2.28,-2.28,0.20,-0.00,-0.16
7831.67,2.64,2.73,2.47,2.34,-2.34,0.30,0.14,-0.09
7909.98,2.83,2.79,2.65,2.30,-2.30,0.53,0.35,0.04
7989.08,2.92,2.67,2.81,2.21,-2.21,0.71,0.60,0.25
8068.98,3.01,2.49,2.95,2.07,-2.07,0.94,0.89,0.52
8149.67,3.11,2.26,3.07,1.87,-1.87,1.24,1.20,0.85
8231.16,3.19,1.94,3.19,1.65,-1.65,1.54,1.54,1.25
8313.47,3.26,1.57,3.31,1.40,-1.40,1.86,1.91,1.69
8396.61,3.31,1.14,3.43,1.14,-1.14,2.17,2.29,2.17
8480.57,3.41,0.73,3.56,0.89,-0.89,2.52,2.67,2.68
8565.38,3.57,0.37,3.72,0.65,-0.65,2.92,3.06,3.20
8651.03,3.74,0.03,3.90,0.45,-0.45,3.29,3.45,3.71
8737.54,3.87,-0.32,4.09,0.28,-0.28,3.59,3.81,4.19
8824.92,4.06,-0.56,4.28,0.16,-0.16,3.90,4.12,4.62
8913.17,4.28,-0.71,4.47,0.08,-0.08,4.20,4.39,4.99
9002.30,4.45,-0.83,4.64,0.06,-0.06,4.39,4.59,5.28
9092.32,4.78,-0.68,4.77,0.07,-0.07,4.71,4.70,5.46
9183.25,4.94,-0.60,4.85,0.12,-0.12,4.82,4.73,5.54
9275.08,5.05,-0.46,4.87,0.20,-0.20,4.85,4.67,5.51
9367.83,5.08,-0.28,4.79,0.30,-0.30,4.78,4.50,5.36
9461.51,5.04,-0.06,4.62,0.40,-0.40,4.64,4.22,5.10
9556.12,4.77,0.04,4.35,0.51,-0.51,4.26,3.85,4.73
9651.68,4.29,0.03,4.00,0.60,-0.60,3.69,3.39,4.26
9748.20,3.78,0.07,3.56,0.69,-0.69,3.09,2.87,3.71
9845.68,3.21,0.12,3.02,0.75,-0.75,2.46,2.27,3.09
9944.14,2.52,0.11,2.40,0.79,-0.79,1.73,1.61,2.41
10043.58,1.66,-0.05,1.69,0.83,-0.83,0.83,0.86,1.71
10144.02,0.85,-0.13,0.90,0.86,-0.86,-0.01,0.04,0.98
10245.46,-0.04,-0.30,0.07,0.90,-0.90,-0.94,-0.82,0.26
10347.91,-0.89,-0.45,-0.76,0.94,-0.94,-1.83,-1.71,-0.44
10451.39,-1.59,-0.48,-1.59,1.00,-1.00,-2.59,-2.58,-1.11
10555.91,-2.27,-0.53,-2.36,1.07,-1.07,-3.34,-3.43,-1.74
10661.46,-2.93,-0.60,-3.07,1.15,-1.15,-4.08,-4.22,-2.33
10768.08,-3.71,-0.83,-3.70,1.25,-1.25,-4.96,-4.95,-2.88
10875.76,-4.55,-1.15,-4.26,1.35,-1.35,-5.90,-5.61,-3.40
10984.52,-5.17,-1.29,-4.74,1.44,-1.44,-6.61,-6.19,-3.88
11094.36,-5.70,-1.37,-5.14,1.54,-1.54,-7.24,-6.68,-4.33
11205.31,-5.89,-1.12,-5.45,1.65,-1.65,-7.54,-7.10,-4.77
11317.36,-5.86,-0.67,-5.68,1.78,-1.78,-7.64,-7.46,-5.19
11430.53,-5.79,-0.18,-5.83,1.95,-1.95,-7.74,-7.78,-5.61
11544.84,-5.69,0.33,-5.91,2.14,-2.14,-7.83,-8.05,-6.02
11660.29,-5.61,0.83,-5.91,2.37,-2.37,-7.98,-8.28,-6.44
11776.89,-5.55,1.31,-5.82,2.63,-2.63,-8.18,-8.45,-6.86
11894.66,-5.50,1.78,-5.64,2.91,-2.91,-8.41,-8.56,-7.28
12013.60,-5.42,2.27,-5.39,3.23,-3.23,-8.65,-8.62,-7.69
12133.74,-5.29,2.80,-5.09,3.57,-3.57,-8.86,-8.66,-8.09
12255.08,-5.08,3.38,-4.77,3.93,-3.93,-9.01,-8.70,-8.46
12377.63,-4.69,4.11,-4.45,4.30,-4.30,-8.99,-8.75,-8.80
12501.41,-4.29,4.79,-4.13,4.68,-4.68,-8.97,-8.81,-9.08
12626.42,-3.89,5.40,-3.83,5.06,-5.06,-8.95,-8.89,-9.29
12752.68,-3.35,6.07,-3.52,5.43,-5.43,-8.78,-8.95,-9.42
12880.21,-2.83,6.63,-3.21,5.78,-5.78,-8.61,-8.99,-9.46
13009.01,-2.34,7.08,-2.86,6.12,-6.12,-8.46,-8.98,-9.42
13139.10,-2.06,7.22,-2.48,6.41,-6.41,-8.47,-8.89,-9.28
13270.49,-1.90,7.15,-2.06,6.67,-6.67,-8.57,-8.73,-9.05
13403.20,-1.72,7.02,-1.61,6.89,-6.89,-8.61,-8.50,-8.74
13537.23,-1.54,6.84,-1.15,7.06,-7.06,-8.60,-8.21,-8.38
13672.60,-1.27,6.71,-0.71,7.19,-7.19,-8.46,-7.90,-7.98
13809.33,-0.92,6.66,-0.29,7.31,-7.31,-8.23,-7.61,-7.58
13947.42,-0.53,6.66,0.09,7.44,-7.44,-7.97,-7.35,-7.19
14086.90,0.05,6.89,0.44,7.58,-7.58,-7.53,-7.14,-6.84
14227.77,0.74,7.32,0.75,7.73,-7.73,-6.99,-6.98,-6.58
14370.04,1.55,7.95,1.00,7.89,-7.89,-6.34,-6.89,-6.40
14513.74,1.91,8.25,1.18,8.05,-8.05,-6.14,-6.87,-6.34
14658.88,2.00,8.40,1.32,8.20,-8.20,-6.20,-6.88,-6.40
14805.47,1.91,8.49,1.38,8.32,-8.32,-6.41,-6.94,-6.58
14953.52,1.66,8.54,1.33,8.43,-8.43,-6.77,-7.10,-6.88
15103.06,1.25,8.54,1.18,8.52,-8.52,-7.27,-7.34,-7.29
15254.09,0.87,8.67,0.92,8.60,-8.60,-7.73,-7.68,-7.80
15406.63,0.43,8.82,0.55,8.68,-8.68,-8.25,-8.13,-8.39
15560.70,0.05,9.08,0.06,8.75,-8.75,-8.70,-8.68,-9.03
15716.30,-0.56,9.12,-0.53,8.81,-8.81,-9.37,-9.34,-9.68
15873.47,-1.26,9.06,-1.19,8.86,-8.86,-10.12,-10.05,-10.32
16032.20,-1.77,9.14,-1.89,8.92,-8.92,-10.69,-10.81,-10.91
16192.52,-2.25,9.19,-2.58,8.98,-8.98,-11.23,-11.56,-11.44
16354.45,-3.08,8.81,-3.25,9.05,-9.05,-12.13,-12.31,-11.89
16517.99,-3.75,8.51,-3.88,9.14,-9.14,-12.89,-13.01,-12.26
16683.17,-4.26,8.29,-4.40,9.24,-9.24,-13.50,-13.65,-12.55
16850.01,-4.93,7.82,-4.83,9.38,-9.38,-14.31,-14.20,-12.75
17018.51,-5.66,7.22,-5.14,9.54,-9.54,-15.20,-14.68,-12.88
17188.69,-6.04,6.91,-5.34,9.73,-9.73,-15.77,-15.07,-12.95
17360.58,-6.19,6.82,-5.43,9.93,-9.93,-16.12,-15.36,-13.01
17534.18,-6.24,6.84,-5.42,10.13,-10.13,-16.37,-15.56,-13.08
17709.53,-6.15,7.02,-5.34,10.35,-10.35,-16.50,-15.68,-13.17
17886.62,-5.69,7.63,-5.20,10.58,-10.58,-16.27,-15.77,-13.32
18065.49,-5.13,8.57,-5.22,10.89,-10.89,-16.02,-16.11,-13.70
18246.14,-4.36,9.78,-5.21,11.24,-11.24,-15.60,-16.45,-14.14
18428.60,-3.73,10.90,-5.17,11.60,-11.60,-15.33,-16.78,-14.63
18612.89,-3.55,11.62,-5.10,12.00,-12.00,-15.55,-17.10,-15.17
18799.02,-3.53,12.23,-5.00,12.42,-12.42,-15.95,-17.42,-15.76
18987.01,-3.65,12.76,-4.86,12.87,-12.87,-16.52,-17.73,-16.41
19176.88,-3.89,13.23,-4.69,13.34,-13.34,-17.23,-18.03,-17.12
19368.65,-4.22,13.65,-4.49,13.84,-13.84,-18.06,-18.33,-17.87
19562.33,-4.60,14.08,-4.26,14.36,-14.36,-18.96,-18.62,-18.68
19757.96,-4.99,14.55,-3.99,14.91,-14.91,-19.90,-18.90,-19.54
19955.54,-5.43,15.03,-3.69,15.49,-15.49,-20.92,-19.18,-20.46
